sample_id,ec_uScm,tds_mgL,turbidity_NTU,temp_C,pH,do_mgL,class
1507,19.14,6.07,130.13,21.86,9.35,11.69,Warning
1768,1831.09,1017.97,52.15,20.17,9.32,2.33,Warning
890,40.52,29.74,35.69,30.1,6.49,9.09,Caution
307,442.84,221.24,17.3,25.51,7.71,6.09,Normal
1774,1790.43,859.0,132.55,32.56,5.62,2.82,Warning
110,234.11,146.7,15.44,26.6,7.29,7.43,Normal
1652,1390.4,610.64,118.68,22.14,5.74,11.78,Warning
1658,1089.92,669.06,120.21,21.27,5.63,11.94,Warning
1907,3106.85,1798.67,352.53,37.74,4.74,1.58,Severe
720,769.62,412.94,45.68,30.69,6.11,9.16,Caution
252,343.1,166.15,3.61,25.16,7.06,7.46,Normal
241,399.49,244.82,20.45,27.2,6.54,7.58,Normal
635,497.67,294.04,14.33,28.79,7.32,6.37,Normal
2132,3816.1,1931.01,221.02,36.63,9.59,1.11,Severe
30,260.32,124.35,19.83,27.98,8.43,8.73,Normal
1106,41.16,13.35,25.03,23.94,8.83,4.64,Caution
1086,585.2,381.26,36.78,24.42,6.4,4.71,Caution
621,189.83,92.74,4.85,29.57,8.12,8.64,Normal
2018,8.88,4.96,291.49,16.21,9.76,0.73,Severe
136,266.27,133.41,11.95,28.72,8.46,8.06,Normal
1876,3.72,6.91,483.99,34.57,10.37,12.21,Severe
1223,802.15,404.22,37.54,23.27,6.18,9.41,Caution
459,269.17,139.23,5.43,28.69,6.61,5.68,Normal
1981,9.36,0.53,252.36,16.95,5.07,12.02,Severe
283,375.54,210.46,21.86,25.63,7.62,8.01,Normal
2106,4.23,7.19,162.2,17.46,10.15,12.31,Severe
1684,10.27,8.59,136.4,33.77,9.31,10.6,Warning
1594,1977.87,846.73,96.38,21.38,9.28,3.6,Warning
1867,1.07,8.65,539.57,15.4,9.69,15.46,Severe
304,314.38,168.68,16.94,26.61,7.67,7.79,Normal
1122,500.01,302.8,26.49,31.13,8.71,4.7,Caution
308,316.11,155.75,9.13,28.67,6.94,8.31,Normal
2014,2204.01,1400.1,405.11,17.12,5.07,1.98,Severe
889,817.41,486.46,25.1,24.13,8.67,9.94,Caution
1197,44.22,22.58,41.19,30.08,6.4,9.97,Caution
433,244.55,156.5,20.84,27.76,7.39,6.64,Normal
388,334.6,196.97,4.83,28.56,7.01,7.63,Normal
1139,527.09,341.52,34.91,24.87,8.84,9.57,Caution
932,531.46,308.1,46.3,31.95,6.48,4.67,Caution
938,47.77,20.03,33.04,30.53,6.49,9.37,Caution
300,412.6,234.21,6.93,28.96,7.69,8.01,Normal
1552,1544.83,966.32,143.85,33.57,5.75,3.23,Warning
169,186.71,86.79,21.98,28.97,6.74,8.35,Normal
1748,17.25,19.29,63.3,21.47,5.72,2.9,Warning
840,732.72,464.57,49.68,24.14,6.24,9.29,Caution
768,627.27,317.02,41.48,24.74,6.38,4.73,Caution
1467,17.61,19.01,70.81,33.2,5.56,3.22,Warning
531,449.46,266.48,7.8,29.78,7.43,6.12,Normal
351,301.4,164.38,7.78,28.47,8.25,5.16,Normal
135,159.89,96.72,22.9,27.45,7.59,7.53,Normal
1736,1386.48,719.12,138.62,32.74,9.46,3.03,Warning
1503,1014.36,543.79,82.57,20.95,9.21,3.91,Warning
716,45.08,24.09,42.32,24.11,8.62,4.24,Caution
1186,530.2,273.23,32.29,23.46,6.43,9.52,Caution
112,175.15,83.29,5.85,25.49,6.99,8.01,Normal
185,80.07,38.96,15.23,27.43,8.49,6.91,Normal
1165,23.08,10.23,29.9,30.45,8.89,9.29,Caution
1353,1324.76,714.19,69.23,32.65,9.26,10.83,Warning
97,328.6,192.8,4.91,29.25,7.68,5.02,Normal
1449,1953.94,1070.26,98.31,20.8,9.4,2.76,Warning
1182,527.36,295.4,44.98,24.61,6.32,4.21,Caution
1814,5.1,7.89,583.31,19.61,10.01,1.67,Severe
421,479.42,303.75,7.88,25.05,7.35,8.66,Normal
2123,3862.46,2016.45,422.91,18.47,4.69,14.11,Severe
2005,2999.42,1519.95,302.09,36.1,10.43,14.42,Severe
810,987.38,604.56,31.04,30.34,6.25,4.26,Caution
1452,13.23,7.27,89.3,22.17,5.57,2.65,Warning
631,185.92,117.14,4.48,25.28,7.71,5.67,Normal
706,36.48,21.4,27.41,31.34,6.26,9.3,Caution
1176,49.68,28.89,46.72,23.93,8.87,4.62,Caution
1651,1490.45,1000.45,51.28,32.79,5.79,11.17,Warning
1147,987.07,592.14,26.29,30.13,8.7,4.43,Caution
813,25.27,15.15,39.41,30.58,6.24,9.36,Caution
1905,2814.96,1372.97,323.6,37.72,10.41,13.23,Severe
681,574.02,300.58,25.47,23.49,6.47,9.16,Caution
565,266.67,127.62,13.08,28.85,7.6,6.27,Normal
1655,14.34,5.06,137.81,32.64,9.39,3.21,Warning
2087,2879.74,1710.91,548.09,36.63,4.9,0.83,Severe
383,458.06,271.81,9.1,29.08,8.43,7.89,Normal
71,214.97,113.22,13.95,28.35,7.8,8.05,Normal
1358,1539.92,892.69,103.61,33.61,5.65,11.38,Warning
362,220.61,144.88,16.57,29.66,7.27,5.6,Normal
322,84.53,36.25,5.67,29.63,6.74,5.1,Normal
1342,15.59,7.34,87.54,20.03,5.58,11.31,Warning
1524,1730.54,1102.56,129.39,21.01,5.58,11.41,Warning
1256,29.6,17.82,41.78,31.64,6.25,9.3,Caution
520,182.78,108.1,19.94,29.81,7.42,7.83,Normal
583,109.57,63.98,2.86,28.3,7.06,5.57,Normal
2146,4.35,3.47,448.58,34.87,10.0,1.82,Severe
484,258.63,109.83,24.39,28.59,7.34,8.66,Normal
1870,3032.21,1611.89,329.04,17.1,9.73,13.48,Severe
1333,1018.2,527.44,104.45,20.34,5.93,3.43,Warning
544,103.16,56.18,12.41,28.3,7.58,8.92,Normal
1018,804.6,481.86,49.0,23.31,6.22,9.57,Caution
101,278.28,125.01,24.8,25.72,6.75,7.77,Normal
1763,1312.31,681.93,138.58,21.42,9.08,2.35,Warning
325,154.65,79.91,16.99,25.16,8.01,5.58,Normal
1821,8.63,2.39,154.84,34.71,9.97,15.18,Severe
231,275.09,159.8,19.15,28.8,7.32,5.92,Normal
589,201.47,111.07,20.3,26.34,7.59,7.45,Normal
1612,13.27,10.6,123.89,32.6,9.28,3.75,Warning
1608,16.83,3.35,50.39,32.2,9.16,3.15,Warning
1958,6.56,11.66,285.13,17.94,9.59,14.56,Severe
614,147.25,84.53,12.64,29.4,7.05,6.9,Normal
248,494.29,223.73,4.61,29.63,7.74,6.03,Normal
1979,2711.52,1677.31,333.68,36.28,10.26,15.82,Severe
1832,1.18,7.73,590.28,16.23,9.95,1.7,Severe
1303,599.61,406.89,48.69,24.44,8.69,9.34,Caution
1430,11.35,15.38,129.61,32.74,5.71,11.07,Warning
2077,4252.01,1830.53,469.95,37.78,5.19,15.1,Severe
1235,31.17,12.88,37.82,30.33,8.79,4.61,Caution
841,524.43,344.11,36.21,31.07,8.8,9.85,Caution
1685,1365.77,928.15,69.93,22.61,9.36,10.35,Warning
1847,3915.4,1813.7,253.08,37.68,9.86,12.36,Severe
1576,18.75,12.95,108.02,32.29,9.42,10.36,Warning
1512,1336.34,723.95,95.97,33.06,9.36,11.16,Warning
772,35.39,26.42,27.09,30.68,8.52,5.0,Caution
553,156.33,80.54,8.11,27.88,7.24,7.27,Normal
68,113.72,67.38,11.76,27.78,8.48,8.36,Normal
1246,45.83,34.98,25.39,30.46,8.99,4.57,Caution
480,174.96,98.26,9.8,26.18,7.91,6.13,Normal
1158,33.65,15.15,30.69,31.62,6.29,4.62,Caution
1466,17.38,8.04,128.89,20.69,9.21,2.08,Warning
197,431.53,267.27,24.88,25.54,8.17,5.9,Normal
1738,17.86,14.33,143.57,22.6,5.79,2.85,Warning
1088,38.38,23.76,37.96,30.32,8.85,4.11,Caution
1334,16.06,9.34,131.01,20.68,5.82,2.96,Warning
1285,817.73,471.98,47.18,24.43,8.87,4.79,Caution
979,41.56,17.9,28.28,23.84,8.74,9.04,Caution
530,288.84,136.69,21.31,26.7,8.1,5.6,Normal
863,580.36,362.61,25.54,31.54,6.28,4.79,Caution
291,422.04,229.14,4.33,27.49,7.65,7.32,Normal
907,21.76,19.83,45.94,30.57,8.71,4.66,Caution
1619,14.79,14.97,142.36,22.1,9.47,3.81,Warning
949,21.83,13.03,38.5,31.13,6.21,4.43,Caution
533,435.53,257.65,7.94,26.06,8.22,5.17,Normal
1537,17.31,6.81,78.61,20.97,9.39,3.31,Warning
922,647.96,443.66,31.5,23.52,8.85,4.84,Caution
129,279.02,148.63,22.77,27.02,7.98,7.25,Normal
1069,32.77,18.88,26.2,24.6,6.42,4.67,Caution
528,440.67,252.7,13.89,25.34,8.05,5.69,Normal
411,61.92,31.5,23.62,28.78,8.43,6.99,Normal
1630,1918.74,1230.79,106.5,22.89,9.12,2.12,Warning
2138,1.04,2.73,474.52,19.02,4.74,1.8,Severe
52,114.36,54.03,19.64,29.49,6.68,5.12,Normal
1548,1656.63,777.94,108.86,22.5,9.35,2.92,Warning
1767,15.08,3.53,69.14,33.13,9.1,2.25,Warning
1232,532.74,256.71,47.45,23.87,8.91,4.13,Caution
495,284.85,139.57,5.73,25.72,7.36,8.82,Normal
2038,4706.9,2164.68,273.61,34.73,9.89,12.8,Severe
1961,3.96,1.28,407.25,17.24,5.22,1.76,Severe
611,179.82,104.73,5.32,29.44,7.51,8.17,Normal
1114,45.34,24.12,38.92,30.77,6.48,4.88,Caution
483,235.54,148.42,1.05,25.56,6.91,5.48,Normal
1575,1825.3,889.13,136.13,32.05,5.8,3.86,Warning
1472,13.91,0.02,105.91,32.34,9.44,3.51,Warning
232,312.1,205.28,24.84,26.43,6.95,6.0,Normal
255,491.45,269.15,2.02,28.94,7.07,7.53,Normal
333,251.27,133.38,10.57,27.87,6.64,6.87,Normal
1753,17.64,7.98,52.39,32.11,5.77,3.59,Warning
1490,11.88,4.48,99.46,32.67,5.69,10.02,Warning
1815,2635.9,1463.04,415.31,18.24,10.15,1.68,Severe
189,386.27,211.07,22.47,25.66,7.99,5.79,Normal
1456,1905.09,1032.17,111.57,22.98,9.37,10.92,Warning
415,173.74,94.84,1.63,27.53,8.2,5.89,Normal
1217,761.67,396.52,44.22,30.16,8.66,4.09,Caution
234,171.11,98.62,8.7,29.93,8.47,8.62,Normal
1183,40.24,20.71,37.33,24.45,6.3,9.27,Caution
1786,11.53,5.92,71.09,33.81,5.62,3.77,Warning
1051,810.44,386.31,38.9,30.55,6.01,4.98,Caution
1134,976.12,595.41,34.79,24.43,8.96,4.77,Caution
651,46.27,23.12,40.05,23.96,8.91,9.26,Caution
1643,19.1,15.94,143.53,33.51,5.94,10.03,Warning
1840,3.7,5.64,180.33,34.92,4.92,15.21,Severe
1710,1490.49,773.11,79.94,22.69,5.77,10.56,Warning
1226,36.83,23.83,29.4,30.02,8.63,9.23,Caution
2085,2193.87,1023.6,190.82,34.28,4.75,1.24,Severe
1838,4.28,0.02,548.97,37.78,9.96,0.88,Severe
966,901.25,585.09,35.01,31.39,6.45,4.79,Caution
874,992.82,470.62,44.47,24.97,8.8,9.51,Caution
2050,3925.6,2399.05,347.12,15.89,10.21,1.28,Severe
875,646.89,394.8,42.12,31.48,8.88,4.42,Caution
679,727.4,350.41,32.2,31.1,6.3,9.97,Caution
121,299.49,155.57,5.99,27.41,8.4,8.81,Normal
708,44.62,28.65,39.54,31.73,6.39,9.02,Caution
1554,1204.56,571.52,130.36,21.13,9.02,3.07,Warning
368,116.58,60.45,22.92,29.38,8.42,5.61,Normal
57,491.01,296.1,12.01,25.87,7.92,5.37,Normal
556,236.64,154.13,8.85,25.22,7.67,8.3,Normal
1056,24.12,13.24,47.91,24.87,8.9,4.88,Caution
1834,3864.27,2044.54,453.36,19.77,5.34,13.9,Severe
1959,2593.95,1619.43,155.97,36.64,4.96,15.34,Severe
2071,6.12,7.91,259.88,19.56,4.64,1.43,Severe
1076,48.2,30.85,32.46,24.61,8.69,9.24,Caution
1387,1577.42,845.9,108.52,32.77,5.77,3.57,Warning
1646,1539.23,882.87,67.06,33.32,9.12,3.85,Warning
991,39.44,24.36,43.28,31.11,8.53,9.57,Caution
212,407.85,243.46,24.06,28.39,7.97,7.09,Normal
276,442.64,291.88,12.58,25.52,6.81,9.0,Normal
1695,1534.86,846.36,57.19,33.76,9.27,10.03,Warning
1470,12.72,11.11,128.06,22.69,9.21,11.05,Warning
1160,651.01,409.94,41.93,31.76,6.1,4.14,Caution
427,445.31,266.39,23.18,25.77,7.31,7.11,Normal
1132,611.98,301.22,39.51,24.95,6.17,9.42,Caution
1980,5.77,0.0,471.99,18.89,10.34,14.4,Severe
2052,4.74,5.71,436.9,37.98,9.64,12.16,Severe
1875,2837.26,1874.45,513.0,18.17,9.82,15.83,Severe
866,30.55,9.6,36.55,24.34,8.76,9.36,Caution
45,271.47,175.93,15.39,27.61,7.43,8.06,Normal
462,351.54,217.21,11.54,25.3,7.87,5.61,Normal
1284,866.04,398.17,43.79,31.97,8.9,9.44,Caution
901,36.06,15.46,47.77,30.72,8.53,9.22,Caution
535,315.45,157.03,20.43,25.42,7.71,5.26,Normal
472,107.55,59.51,9.38,27.62,6.95,8.71,Normal
1653,1807.29,800.31,132.54,22.15,5.96,10.86,Warning
410,374.21,212.68,14.9,25.45,7.34,6.73,Normal
260,353.67,188.94,7.32,26.0,7.28,7.72,Normal
1468,19.13,23.68,81.66,32.54,5.75,2.72,Warning
1107,46.51,26.75,37.1,23.35,8.92,9.39,Caution
1533,1064.83,594.77,105.41,33.56,9.48,11.95,Warning
1582,1879.63,908.33,61.38,33.72,5.76,11.74,Warning
70,87.85,55.59,6.85,27.45,7.08,7.35,Normal
619,216.7,95.18,8.64,26.22,7.47,5.94,Normal
1164,728.0,322.84,36.95,30.67,8.91,4.27,Caution
355,78.89,41.16,19.42,26.05,6.99,7.35,Normal
290,168.23,92.16,24.66,25.33,6.57,6.61,Normal
441,186.61,104.79,22.33,26.14,8.09,7.37,Normal
2131,3648.4,2362.14,552.01,15.83,4.61,12.32,Severe
1743,1515.77,866.75,84.25,20.31,9.29,3.29,Warning
580,106.0,66.83,11.0,29.22,7.43,8.21,Normal
1726,1704.01,1111.31,65.02,22.71,5.58,10.11,Warning
953,710.23,458.61,44.97,30.05,8.5,4.65,Caution
753,27.49,17.81,35.92,31.2,8.55,4.85,Caution
282,364.24,210.26,24.68,28.97,8.32,5.23,Normal
1660,1641.84,761.84,128.23,33.93,5.55,11.31,Warning
536,371.24,191.15,24.94,27.67,7.68,7.75,Normal
1412,1433.43,877.91,92.7,32.68,5.58,2.4,Warning
299,165.93,82.53,5.55,25.05,7.22,7.38,Normal
722,37.08,8.89,28.91,31.72,8.79,9.82,Caution
1547,10.85,4.63,122.61,20.68,5.96,11.53,Warning
1933,1.88,2.3,439.45,16.79,9.61,15.39,Severe
2045,1.83,7.19,210.29,36.23,5.12,15.87,Severe
240,150.99,76.3,2.1,26.5,7.49,6.91,Normal
100,382.36,250.45,8.61,25.83,6.54,7.9,Normal
1272,744.71,352.68,33.51,31.3,6.36,9.18,Caution
1550,1722.87,803.3,111.22,32.07,9.27,10.67,Warning
1201,684.88,351.98,31.34,23.57,6.37,9.8,Caution
582,173.17,90.13,4.78,29.05,7.32,6.36,Normal
1194,700.04,365.19,40.2,30.81,8.97,9.55,Caution
1929,1.37,1.81,391.6,16.14,10.05,1.7,Severe
1152,672.32,334.7,42.93,30.22,8.98,9.51,Caution
1442,16.59,3.47,113.93,22.57,5.71,10.56,Warning
1859,9.79,0.0,543.66,35.05,5.12,1.88,Severe
407,393.54,196.46,23.84,26.69,7.45,5.91,Normal
2032,2234.13,1147.46,531.87,35.92,5.4,12.54,Severe
125,77.93,35.66,12.0,25.01,7.78,8.97,Normal
1761,15.9,5.4,72.29,33.57,5.8,3.7,Warning
186,264.0,161.66,2.45,29.91,6.6,6.88,Normal
486,136.54,80.94,4.44,26.56,7.74,6.6,Normal
66,397.45,221.11,8.46,26.82,6.74,8.83,Normal
756,674.1,372.61,40.99,30.66,8.64,4.94,Caution
2141,4849.02,3092.14,496.49,37.91,4.67,13.05,Severe
687,535.56,313.42,27.83,30.12,6.38,9.42,Caution
1356,12.33,11.54,107.28,20.92,9.07,10.36,Warning
1703,12.59,10.14,110.7,32.99,9.07,3.27,Warning
974,34.73,17.19,39.1,30.24,8.97,9.34,Caution
2080,7.36,0.0,374.37,37.71,9.75,2.0,Severe
669,48.82,22.4,31.76,23.31,6.47,4.81,Caution
1976,4360.48,2712.36,151.39,36.12,9.87,13.21,Severe
1971,3913.84,2520.4,594.4,35.44,5.35,1.05,Severe
675,32.0,14.85,44.65,23.23,8.75,4.87,Caution
2009,6.21,0.0,226.17,36.06,10.1,12.33,Severe
943,39.2,25.44,27.01,31.4,6.11,4.8,Caution
213,493.98,263.05,3.25,26.76,8.47,7.55,Normal
2060,7.73,1.1,368.94,34.66,10.06,13.62,Severe
1511,14.83,0.0,145.49,21.27,9.49,10.07,Warning
1592,13.67,1.31,100.74,20.44,9.18,10.24,Warning
1948,3031.61,1860.46,593.81,34.87,10.32,0.76,Severe
963,20.22,18.69,32.85,30.22,6.12,4.11,Caution
1527,1674.72,845.83,135.28,21.35,5.9,2.1,Warning
832,37.59,15.64,36.23,24.71,8.9,9.95,Caution
1331,1911.42,1095.56,50.26,33.56,9.34,11.9,Warning
1727,18.1,4.02,148.12,21.37,5.54,3.56,Warning
211,227.8,150.48,19.89,27.51,6.98,7.02,Normal
1037,42.21,22.86,32.06,31.88,8.59,4.34,Caution
1559,1942.56,1039.07,102.11,33.74,9.13,10.19,Warning
965,46.01,20.41,31.18,24.47,8.84,4.87,Caution
221,311.11,178.69,19.59,25.37,8.48,5.53,Normal
1681,1972.22,1123.01,119.4,22.85,5.52,10.79,Warning
238,411.24,184.24,22.43,27.22,7.71,6.77,Normal
757,21.55,13.77,49.33,30.87,8.68,4.55,Caution
417,315.33,164.29,19.57,27.51,6.71,7.69,Normal
481,86.65,42.21,12.28,29.02,6.94,6.75,Normal
1648,14.97,7.31,103.88,21.54,9.27,10.71,Warning
728,46.1,18.05,37.17,30.81,6.44,9.15,Caution
298,386.63,218.3,2.72,28.81,6.59,8.95,Normal
910,884.16,543.81,30.05,23.8,6.45,4.9,Caution
2073,3.67,5.29,332.94,37.48,9.89,15.31,Severe
14,93.38,41.89,22.66,28.58,8.06,6.8,Normal
894,777.04,472.19,41.48,31.4,8.57,9.25,Caution
297,431.45,206.86,6.7,28.01,8.24,5.54,Normal
1407,11.88,1.56,143.64,33.45,5.95,10.99,Warning
1842,2122.25,1213.17,492.75,36.74,4.8,1.27,Severe
1230,33.88,19.87,28.94,23.11,6.21,9.42,Caution
1926,4810.97,2199.22,451.31,36.51,10.46,0.74,Severe
343,375.81,174.71,21.1,27.49,6.87,5.13,Normal
1338,12.15,15.09,50.01,33.31,9.41,10.36,Warning
1481,13.63,8.79,88.13,22.51,6.0,11.45,Warning
1191,34.23,18.8,36.37,24.23,8.89,9.92,Caution
1661,1100.76,614.03,84.7,22.03,9.41,3.86,Warning
906,40.64,23.07,37.84,30.43,8.61,4.62,Caution
887,955.43,532.17,44.67,30.18,8.72,4.51,Caution
603,54.84,26.13,3.95,26.66,7.98,8.31,Normal
1450,1578.94,945.77,142.7,22.8,5.81,10.82,Warning
509,465.45,272.49,13.94,28.65,7.05,6.24,Normal
737,40.68,26.4,39.05,23.19,8.71,9.04,Caution
1432,1647.07,1030.74,125.6,32.25,5.86,2.89,Warning
1324,11.02,5.81,138.0,33.45,9.05,11.24,Warning
1951,6.16,0.0,326.15,16.3,10.37,13.54,Severe
317,278.24,144.1,11.49,26.89,8.06,5.05,Normal
941,46.84,17.21,32.9,23.24,8.88,4.67,Caution
106,117.22,64.12,24.08,29.45,6.69,6.58,Normal
1095,26.15,14.6,46.94,31.59,8.52,4.08,Caution
122,259.26,145.99,10.61,29.58,6.74,6.29,Normal
2061,2945.02,1763.58,569.88,16.45,5.35,13.42,Severe
1904,4.1,3.42,211.71,34.24,5.06,13.96,Severe
1819,3200.6,1474.55,200.45,17.71,10.28,1.08,Severe
1390,19.31,0.45,112.15,20.36,5.5,2.26,Warning
1305,575.88,272.64,34.7,24.65,8.88,9.38,Caution
1395,1828.05,1128.91,85.1,21.46,9.31,2.71,Warning
116,312.9,149.72,18.64,26.27,6.83,5.64,Normal
77,387.49,174.04,9.32,29.92,8.44,6.15,Normal
1784,1838.64,1013.03,57.57,22.59,9.3,10.06,Warning
508,308.29,159.59,4.75,25.15,6.85,6.63,Normal
1406,1412.77,741.2,92.03,22.48,5.5,2.0,Warning
1897,7.09,6.34,355.2,16.12,5.17,1.14,Severe
2130,8.06,8.23,519.18,36.84,10.01,1.4,Severe
1447,12.15,0.0,50.67,32.33,5.73,3.89,Warning
696,661.27,341.31,47.66,24.78,8.53,4.8,Caution
1413,1310.05,670.05,106.43,32.44,9.45,3.9,Warning
423,467.12,217.57,2.79,29.87,7.9,5.11,Normal
1841,4501.05,2724.76,203.99,37.9,4.77,12.88,Severe
1055,22.2,11.91,39.78,31.16,8.6,9.57,Caution
1445,18.71,18.13,62.97,32.6,9.2,10.97,Warning
1588,15.69,2.18,64.5,22.77,5.77,2.88,Warning
384,401.41,201.48,19.26,26.11,7.03,5.46,Normal
1538,11.98,0.0,77.7,22.32,5.96,11.83,Warning
1852,2.66,1.54,497.88,17.15,9.65,13.97,Severe
1811,2.91,1.37,583.29,36.5,9.73,12.57,Severe
1282,711.64,356.94,36.43,23.51,6.08,4.38,Caution
434,303.34,179.76,17.8,27.21,7.63,7.82,Normal
999,705.14,307.87,43.68,23.53,8.72,9.22,Caution
1229,40.9,21.19,37.91,23.44,8.75,4.18,Caution
1837,9.3,6.64,482.07,36.89,4.68,15.54,Severe
1388,11.77,5.26,118.94,33.21,5.7,3.97,Warning
1212,794.2,465.85,25.22,31.44,6.13,4.25,Caution
1792,2010.95,1209.92,277.04,34.47,5.12,1.37,Severe
944,783.26,387.88,41.8,23.22,6.34,9.4,Caution
1910,4960.55,2640.69,253.3,17.01,10.25,1.94,Severe
1058,993.03,541.77,48.85,31.71,6.46,4.24,Caution
1946,2197.62,1222.54,424.48,36.32,4.85,12.64,Severe
409,92.4,53.08,5.58,28.32,6.71,5.13,Normal
1352,10.1,0.0,128.7,33.91,9.17,10.88,Warning
1180,40.72,25.91,38.16,30.37,6.48,4.43,Caution
369,408.77,200.19,24.28,25.06,6.81,5.99,Normal
1600,1294.31,612.14,108.16,22.88,9.4,3.78,Warning
1944,2339.95,980.94,330.13,15.63,5.36,12.56,Severe
64,75.01,37.22,7.73,25.58,7.49,5.29,Normal
1458,16.21,18.73,102.34,33.72,9.28,10.88,Warning
1448,17.95,1.44,112.33,22.22,9.07,2.81,Warning
1006,30.96,27.91,35.7,23.77,8.99,4.88,Caution
1360,12.95,10.17,59.51,33.04,5.58,3.47,Warning
597,358.05,164.3,12.79,26.59,8.24,8.0,Normal
2152,3.5,0.0,473.87,18.08,4.72,12.23,Severe
1888,3.98,0.0,573.56,18.59,4.79,0.77,Severe
1104,24.86,8.19,46.98,31.99,8.64,4.21,Caution
1999,2761.88,1746.51,576.57,16.68,9.65,12.52,Severe
2142,4866.98,2485.0,178.06,15.53,10.02,12.22,Severe
1262,873.14,447.36,30.0,30.54,6.42,4.6,Caution
206,411.22,207.25,7.38,26.45,7.43,8.18,Normal
694,951.93,460.75,45.98,23.13,6.41,4.76,Caution
1500,1900.44,876.79,127.75,32.12,5.87,11.58,Warning
1866,4786.98,3065.98,268.27,15.49,10.4,1.3,Severe
857,34.89,10.44,43.72,23.92,6.44,4.11,Caution
2033,2207.09,1081.71,466.52,16.19,5.1,1.4,Severe
1636,14.5,4.99,112.49,20.91,9.45,3.48,Warning
24,386.06,235.49,7.3,28.31,8.04,6.49,Normal
1793,4.04,0.0,162.72,18.26,4.94,14.49,Severe
545,124.53,69.49,15.17,26.42,7.36,5.48,Normal
650,33.82,16.11,41.33,30.28,6.22,9.29,Caution
199,231.3,131.96,21.02,25.98,6.84,5.23,Normal
50,256.35,133.52,11.62,27.27,6.52,8.3,Normal
174,76.92,35.13,21.03,29.68,6.59,8.35,Normal
1304,663.71,417.29,45.02,23.17,8.65,9.87,Caution
451,483.93,252.98,15.92,26.83,7.89,5.64,Normal
995,25.16,20.59,37.27,31.55,6.01,4.3,Caution
1011,27.94,20.75,35.22,23.28,6.06,9.61,Caution
1365,10.28,8.63,96.9,21.81,5.66,3.1,Warning
1520,1632.38,932.84,87.87,33.48,9.14,11.86,Warning
745,25.01,11.73,27.28,31.13,8.92,9.18,Caution
72,459.3,273.36,15.09,28.84,7.47,8.41,Normal
428,302.87,155.48,8.89,29.92,7.62,5.99,Normal
1883,4155.45,2185.69,185.75,17.31,10.4,0.58,Severe
439,221.42,124.32,13.14,27.6,8.03,8.47,Normal
917,41.29,19.98,47.05,31.41,6.45,9.59,Caution
487,446.55,271.49,14.13,26.87,7.56,7.67,Normal
837,800.72,388.84,45.38,30.35,8.52,4.51,Caution
2086,2852.07,1328.13,521.93,34.08,4.78,13.29,Severe
1138,654.11,375.42,40.88,24.23,8.51,9.02,Caution
1090,587.64,301.02,33.84,23.4,8.83,4.36,Caution
1641,17.33,11.6,114.97,32.34,9.27,3.62,Warning
1087,694.91,316.38,34.46,30.37,6.11,9.21,Caution
612,147.52,79.64,3.89,29.4,7.64,5.49,Normal
591,151.54,80.79,19.7,25.66,6.6,7.55,Normal
257,475.44,255.6,7.38,27.37,8.46,5.52,Normal
1606,1597.92,784.27,136.65,32.8,9.11,11.67,Warning
562,194.63,107.38,15.14,27.06,7.29,5.75,Normal
539,297.93,174.27,2.41,28.09,7.6,5.24,Normal
446,83.17,49.38,19.38,29.1,7.27,6.03,Normal
572,447.6,236.48,6.65,27.53,8.04,8.65,Normal
1642,19.73,5.93,58.59,20.84,9.4,3.89,Warning
21,299.68,189.62,9.9,29.58,6.72,5.92,Normal
2021,6.6,3.68,278.82,16.1,10.4,12.67,Severe
1673,12.1,11.48,50.31,32.71,9.36,3.44,Warning
382,131.87,69.5,18.56,26.87,8.27,6.78,Normal
1234,919.24,480.19,42.91,24.41,6.17,4.43,Caution
568,375.85,240.59,1.59,26.25,7.85,7.98,Normal
1682,1901.54,1077.34,134.14,20.76,5.68,10.3,Warning
850,23.9,19.23,25.92,24.07,6.03,4.34,Caution
964,824.82,492.26,44.98,31.1,6.25,9.74,Caution
465,458.11,255.61,14.76,28.55,7.0,8.03,Normal
868,824.2,452.39,49.4,23.26,6.25,9.27,Caution
1607,1607.81,770.2,82.69,22.2,5.77,2.91,Warning
1112,29.78,10.27,46.52,24.72,8.66,9.36,Caution
1259,43.16,22.49,35.43,31.2,6.11,9.66,Caution
1320,11.54,1.61,95.42,23.0,5.83,10.08,Warning
1717,1741.37,1089.82,86.47,33.9,9.11,11.57,Warning
375,85.78,42.96,19.02,28.87,6.67,7.36,Normal
271,276.21,140.84,4.64,27.51,7.16,6.67,Normal
989,656.62,392.97,46.59,31.65,6.44,4.59,Caution
1419,1096.51,497.27,56.17,20.34,5.69,11.4,Warning
618,212.41,103.26,18.15,26.18,6.96,8.43,Normal
2041,5.9,0.0,488.95,15.49,4.82,14.59,Severe
1932,9.53,4.28,348.1,15.31,10.19,1.64,Severe
1728,1224.32,628.39,101.25,21.52,6.0,11.77,Warning
430,301.66,141.64,1.02,26.64,8.01,8.29,Normal
26,56.27,30.03,6.51,29.86,8.05,7.0,Normal
1672,11.02,13.39,145.94,33.32,9.37,2.73,Warning
1038,38.72,16.24,26.18,31.04,6.23,9.06,Caution
1972,2319.46,1290.42,464.15,36.0,5.29,1.3,Severe
79,66.64,25.46,9.94,29.01,7.61,8.7,Normal
367,177.62,95.22,11.04,26.11,8.47,8.26,Normal
1957,4761.4,2103.79,413.66,37.93,4.51,13.13,Severe
33,115.78,58.06,20.79,25.53,8.13,5.27,Normal
1670,10.85,9.17,76.22,22.94,9.44,2.07,Warning
1227,929.9,489.41,28.73,24.38,6.01,9.35,Caution
671,44.29,21.79,44.9,24.37,6.03,9.11,Caution
862,637.29,403.18,35.61,23.92,6.41,4.39,Caution
1034,702.25,366.01,26.99,23.98,6.24,4.1,Caution
760,20.07,17.57,38.12,24.11,8.9,4.81,Caution
555,347.2,180.07,13.67,29.21,6.54,8.89,Normal
164,310.54,152.2,1.11,29.73,6.61,6.57,Normal
204,360.68,194.33,24.59,27.4,7.32,8.45,Normal
860,865.58,404.78,45.18,30.84,6.12,4.6,Caution
930,47.12,25.91,37.98,24.34,6.31,9.85,Caution
479,323.66,170.32,24.02,28.41,7.07,7.57,Normal
1113,23.8,12.53,29.09,30.9,8.77,4.07,Caution
306,338.7,198.64,19.97,27.93,7.67,7.63,Normal
994,32.19,21.68,35.09,31.19,8.69,9.07,Caution
600,473.27,224.69,11.27,27.59,7.66,7.72,Normal
2135,2.94,0.0,363.25,17.8,4.73,1.85,Severe
193,226.43,145.92,6.78,26.8,6.98,5.71,Normal
1558,1517.28,861.93,50.56,20.85,9.03,10.14,Warning
1631,1508.5,955.98,80.85,32.01,9.18,11.9,Warning
1799,4.38,2.59,253.07,19.61,10.33,1.44,Severe
1460,13.95,7.83,110.61,21.13,5.81,10.67,Warning
1562,12.47,15.06,63.77,20.11,5.67,10.34,Warning
1415,1657.94,1092.67,115.58,32.02,5.6,10.87,Warning
1565,1010.48,495.22,126.46,33.4,9.21,2.98,Warning
219,207.3,94.07,14.89,26.01,7.78,8.55,Normal
622,53.1,24.61,21.52,25.95,7.77,8.68,Normal
2118,4787.3,2485.71,587.48,16.97,10.17,13.65,Severe
352,480.14,295.57,24.54,26.44,8.35,7.72,Normal
1881,2184.76,1044.21,163.91,15.5,9.81,13.42,Severe
1072,45.9,15.02,27.38,30.58,8.51,9.14,Caution
817,764.29,396.0,47.25,31.73,8.7,9.74,Caution
638,74.2,41.34,13.15,29.63,6.73,7.41,Normal
1115,759.28,349.69,48.02,30.09,6.18,9.83,Caution
1386,18.03,6.3,87.95,32.95,9.31,2.85,Warning
782,631.46,381.85,28.05,30.12,6.35,9.88,Caution
60,233.95,127.22,6.22,28.05,7.36,7.54,Normal
412,61.48,32.89,15.39,28.59,8.5,5.19,Normal
786,46.75,27.38,25.9,30.87,8.66,9.68,Caution
742,31.46,17.48,39.97,23.06,6.2,4.85,Caution
515,279.65,126.8,13.22,28.66,8.32,7.51,Normal
765,42.4,25.78,36.8,30.59,6.38,4.49,Caution
74,188.39,86.36,15.36,25.12,6.88,8.71,Normal
783,22.16,10.73,25.64,24.64,6.01,9.34,Caution
789,578.67,354.5,28.87,30.92,6.06,9.17,Caution
1188,855.18,502.38,39.9,24.36,6.12,4.02,Caution
1954,6.46,0.93,237.1,17.23,5.03,0.72,Severe
496,89.3,43.5,11.58,25.7,6.61,6.97,Normal
163,422.06,245.36,23.26,27.81,6.93,8.02,Normal
743,24.38,21.8,37.74,30.39,8.85,9.44,Caution
1818,2912.99,1666.2,306.75,36.15,10.21,1.65,Severe
448,498.95,316.19,21.87,29.03,7.16,5.35,Normal
1264,547.67,346.49,33.78,30.93,8.76,4.65,Caution
354,70.55,32.8,19.89,28.25,7.79,6.08,Normal
924,47.08,28.5,45.01,24.4,6.18,4.61,Caution
987,779.75,412.49,39.82,31.64,6.16,9.86,Caution
1922,3747.66,1782.85,597.02,19.41,5.21,1.68,Severe
2129,4399.0,2570.47,565.6,19.54,10.18,0.98,Severe
1620,1346.07,717.13,85.76,20.34,9.33,10.42,Warning
46,398.44,207.74,17.11,25.44,6.73,7.63,Normal
1812,3819.88,1746.53,330.88,36.62,10.12,1.62,Severe
295,349.35,178.43,17.45,25.26,8.16,6.91,Normal
1617,1880.41,867.07,122.18,20.6,5.83,10.03,Warning
1317,11.43,4.04,136.93,22.16,9.1,11.01,Warning
858,567.1,323.43,25.24,24.86,6.08,9.83,Caution
437,414.47,225.12,17.35,28.59,7.79,7.27,Normal
1963,3535.05,2207.69,372.52,16.88,5.49,14.2,Severe
394,371.72,225.59,15.42,29.91,7.12,8.86,Normal
652,524.87,328.69,33.2,31.17,8.6,9.15,Caution
31,322.71,180.73,21.83,28.98,8.16,5.93,Normal
1288,626.6,365.22,27.73,23.98,8.88,4.18,Caution
870,33.2,16.84,32.39,31.79,6.16,9.91,Caution
1613,11.06,11.01,108.02,22.6,9.18,10.55,Warning
1787,2601.08,1269.88,377.23,18.64,5.37,1.69,Severe
1629,16.51,0.0,118.08,33.5,5.68,11.4,Warning
1777,1584.2,912.61,102.65,32.14,5.99,11.75,Warning
345,353.91,231.54,21.19,25.36,7.13,8.78,Normal
1757,14.35,7.62,63.34,20.23,5.6,3.59,Warning
353,253.05,158.61,12.11,29.06,6.94,7.95,Normal
92,143.16,78.94,8.25,26.92,6.72,5.24,Normal
787,778.98,430.29,36.89,31.65,6.3,9.35,Caution
1618,13.5,15.04,100.49,33.86,5.9,11.61,Warning
1921,2550.28,1298.02,512.3,36.35,9.52,13.33,Severe
1308,48.52,24.79,33.31,24.04,8.64,9.84,Caution
262,386.2,232.31,4.14,27.47,6.58,5.5,Normal
1502,13.21,14.38,137.77,21.56,9.11,10.17,Warning
1605,11.23,15.79,70.09,32.38,5.95,10.39,Warning
549,317.99,166.99,23.06,25.1,7.99,6.09,Normal
1725,10.66,9.75,100.88,21.6,5.61,10.03,Warning
1359,16.63,10.13,73.1,33.66,5.69,2.31,Warning
1691,1567.94,964.12,103.23,20.89,5.59,3.12,Warning
637,127.29,73.64,15.69,26.44,6.83,7.04,Normal
2007,8.3,9.32,401.66,34.76,10.27,14.49,Severe
301,237.61,137.47,13.9,29.66,7.16,7.73,Normal
1830,3765.57,1973.93,366.76,35.36,4.71,1.19,Severe
926,787.07,428.13,47.14,31.65,6.13,4.09,Caution
316,360.72,225.09,1.4,28.16,8.16,7.48,Normal
1557,1483.24,849.64,61.8,33.56,5.88,11.69,Warning
454,129.41,71.52,2.24,26.38,7.57,5.12,Normal
176,368.53,240.75,20.92,29.82,7.07,5.38,Normal
1310,11.46,3.69,64.61,20.41,9.06,10.17,Warning
1615,18.94,0.0,74.09,32.59,9.13,2.33,Warning
1833,4464.36,2649.02,331.61,35.91,5.22,1.95,Severe
124,407.14,250.27,6.09,28.97,7.18,7.49,Normal
1935,3259.77,1632.02,215.42,35.9,10.37,12.95,Severe
395,352.39,220.81,18.06,25.38,6.88,7.42,Normal
846,43.61,22.11,28.16,23.95,8.83,9.53,Caution
1299,950.98,477.07,46.92,24.99,8.78,9.99,Caution
40,183.59,124.93,23.77,26.64,7.23,6.52,Normal
463,424.56,269.25,18.53,29.96,8.02,8.02,Normal
586,249.96,130.26,9.22,27.62,7.46,8.1,Normal
648,551.47,295.45,37.01,23.25,8.52,4.1,Caution
332,160.69,97.23,12.8,29.2,6.95,6.59,Normal
195,326.08,203.23,22.35,28.21,7.5,8.47,Normal
2049,2.48,0.0,312.25,16.11,5.19,1.76,Severe
323,395.45,237.83,22.44,25.83,7.17,6.8,Normal
267,452.98,280.42,11.42,28.87,7.13,8.06,Normal
2084,2735.7,1803.88,536.78,34.25,4.65,13.53,Severe
1126,47.42,29.05,45.92,23.61,6.16,9.89,Caution
1402,18.28,9.02,65.32,22.66,9.21,2.07,Warning
880,35.35,18.83,49.8,23.9,6.47,4.77,Caution
1614,1215.11,744.21,142.65,21.41,9.31,2.51,Warning
1773,13.26,0.1,51.66,33.62,9.07,11.76,Warning
2017,7.37,0.0,538.43,37.91,5.23,0.75,Severe
1092,601.05,365.59,42.81,31.59,8.91,9.69,Caution
606,448.8,278.3,7.51,25.12,7.76,6.11,Normal
2078,1.55,3.85,391.22,16.63,5.28,0.78,Severe
1475,18.48,15.34,105.36,33.03,9.33,10.65,Warning
573,131.82,62.93,8.96,26.06,6.91,8.91,Normal
1746,1002.79,568.39,66.0,33.03,9.34,2.08,Warning
1828,8.18,0.0,174.03,34.73,10.39,1.27,Severe
1377,13.5,10.81,74.23,21.87,5.56,10.54,Warning
1890,2616.82,1546.97,375.23,37.25,4.77,0.79,Severe
1454,19.44,14.23,65.9,32.25,5.55,11.55,Warning
1967,4.26,0.0,436.68,18.31,9.62,15.33,Severe
1135,735.82,408.66,42.01,31.66,6.18,4.49,Caution
839,802.92,420.29,44.55,24.98,6.1,9.22,Caution
1543,16.51,11.75,109.83,32.29,5.86,2.57,Warning
1587,1367.17,847.55,149.03,21.38,9.33,10.93,Warning
1431,1737.55,860.82,64.72,21.69,5.75,11.36,Warning
1455,10.89,0.45,102.5,33.3,5.69,3.28,Warning
366,194.71,97.73,3.06,29.41,7.63,7.67,Normal
1461,17.21,17.99,51.06,22.53,9.22,3.19,Warning
1171,854.7,447.96,49.62,31.22,8.86,4.9,Caution
2125,4302.96,2394.92,550.45,19.02,4.59,0.89,Severe
1002,35.03,18.66,33.24,31.45,6.35,4.45,Caution
584,206.54,116.88,7.85,28.8,6.59,7.95,Normal
695,998.38,472.46,27.46,31.97,8.78,9.1,Caution
1986,2263.51,1371.28,519.48,34.84,10.48,0.75,Severe
1287,45.35,27.5,41.5,23.88,8.76,9.44,Caution
842,21.64,7.23,33.01,31.65,8.53,9.55,Caution
1555,1085.8,521.67,126.64,20.83,9.16,10.91,Warning
766,45.66,37.76,31.24,31.48,8.86,4.72,Caution
1960,2304.17,1365.21,415.39,37.3,5.26,15.95,Severe
1836,9.92,11.48,205.08,15.4,4.96,1.67,Severe
319,258.67,153.11,1.74,28.46,7.07,5.1,Normal
915,746.04,469.23,27.09,31.13,6.18,9.0,Caution
1889,9.16,3.84,302.94,19.12,4.95,15.46,Severe
788,41.65,28.55,38.92,30.91,8.95,9.28,Caution
1626,1623.04,768.27,92.57,21.71,5.63,10.46,Warning
1371,1934.1,950.33,78.83,21.55,9.19,2.31,Warning
344,286.29,186.37,16.67,29.35,8.1,7.79,Normal
399,342.23,182.88,23.28,28.81,8.36,8.69,Normal
585,434.54,254.94,10.6,27.36,7.96,5.98,Normal
1638,17.85,2.78,110.45,20.01,9.21,3.69,Warning
293,90.02,37.07,1.57,25.33,7.95,8.45,Normal
807,800.93,416.48,48.69,23.42,6.03,4.12,Caution
1798,4.38,0.0,295.14,37.38,9.77,14.03,Severe
1118,40.6,25.63,27.22,23.64,6.07,9.89,Caution
142,257.54,121.22,11.19,28.64,6.69,8.91,Normal
940,30.33,9.99,42.62,23.83,6.0,9.67,Caution
3,391.14,250.74,9.51,25.32,7.61,8.31,Normal
577,169.26,85.37,7.55,29.25,7.75,6.32,Normal
1318,1656.63,1014.16,54.04,21.34,5.57,11.89,Warning
340,111.5,69.99,10.44,25.84,7.32,7.96,Normal
820,24.98,19.49,40.65,30.0,6.31,9.23,Caution
266,495.86,268.5,23.28,25.13,6.68,5.81,Normal
377,113.58,64.29,7.41,27.37,7.98,7.28,Normal
893,890.52,564.31,33.49,24.61,6.1,9.48,Caution
440,57.42,37.43,12.36,29.19,6.81,6.94,Normal
272,403.12,246.15,24.22,29.12,7.33,6.03,Normal
245,382.9,213.47,2.8,27.09,7.73,7.29,Normal
1969,4242.28,2156.02,389.0,35.12,4.64,14.79,Severe
680,24.48,5.26,48.24,24.76,8.59,9.3,Caution
933,40.94,27.22,29.07,31.57,8.66,4.92,Caution
773,42.29,24.54,47.31,30.9,6.03,9.12,Caution
608,356.19,188.33,10.3,27.6,7.67,7.22,Normal
416,284.35,176.94,9.16,27.62,7.2,8.53,Normal
274,80.39,43.99,13.29,25.29,7.94,7.39,Normal
1019,42.03,25.41,35.5,30.51,6.48,4.28,Caution
251,112.9,58.98,11.59,28.44,6.81,5.19,Normal
414,410.61,255.85,15.5,25.06,7.12,6.74,Normal
1248,30.9,24.22,42.4,31.68,6.39,9.05,Caution
1491,1092.45,700.41,74.17,32.76,9.02,2.52,Warning
311,72.92,48.56,23.16,28.04,6.72,8.84,Normal
747,919.18,552.02,26.87,24.77,8.62,4.05,Caution
1489,1355.21,777.22,92.85,32.99,5.85,2.92,Warning
426,432.63,222.29,21.66,28.1,6.96,8.15,Normal
2090,6.25,1.95,468.69,15.19,9.75,12.95,Severe
1133,503.81,351.24,29.72,23.74,8.6,4.39,Caution
975,37.91,20.6,47.23,24.85,6.5,9.66,Caution
1545,14.6,5.66,69.52,32.97,5.51,3.65,Warning
904,31.83,25.52,45.34,30.1,8.99,9.93,Caution
1178,37.53,23.69,32.27,23.5,6.43,4.59,Caution
711,24.74,17.3,46.07,24.57,6.11,9.49,Caution
527,165.1,82.29,24.43,28.02,8.25,5.71,Normal
808,993.67,624.9,34.26,30.96,6.35,4.82,Caution
1494,19.58,24.44,134.75,33.17,5.97,3.8,Warning
183,352.78,179.5,11.43,25.91,7.58,6.28,Normal
171,204.86,132.35,3.32,26.07,7.54,5.56,Normal
1531,1801.07,1019.08,146.43,32.18,5.52,2.63,Warning
818,859.07,551.8,31.08,24.06,8.53,4.07,Caution
188,277.59,142.52,18.68,26.85,8.42,6.7,Normal
620,311.98,160.26,10.89,25.35,7.75,6.27,Normal
1880,1.59,5.67,527.26,35.57,4.6,0.94,Severe
159,228.89,111.71,15.03,27.47,7.5,8.88,Normal
1585,13.21,8.37,113.73,33.66,5.66,11.54,Warning
273,168.55,81.7,23.31,25.85,7.55,8.27,Normal
615,333.96,187.14,4.69,28.15,8.02,8.15,Normal
1766,16.84,2.17,77.04,33.45,5.73,10.83,Warning
1129,42.62,18.1,46.15,24.78,8.59,4.5,Caution
1510,1626.08,1019.45,77.82,20.28,5.57,3.12,Warning
372,79.86,33.3,6.79,26.39,7.73,5.4,Normal
223,198.59,120.5,17.47,25.77,7.02,5.99,Normal
594,172.62,102.3,16.81,29.61,7.51,7.03,Normal
988,43.46,23.89,38.75,23.36,8.57,4.28,Caution
1111,968.29,575.11,45.17,31.94,6.02,9.23,Caution
1010,644.43,339.28,47.52,24.84,8.54,4.4,Caution
519,162.0,85.19,1.47,29.3,7.06,6.59,Normal
793,28.13,22.0,44.43,24.22,8.55,4.46,Caution
335,352.13,187.51,7.12,26.43,7.67,7.96,Normal
905,22.1,11.56,29.27,23.88,6.09,4.69,Caution
1712,11.27,5.3,82.61,22.16,9.07,11.22,Warning
1203,31.6,9.69,49.1,23.44,6.14,4.9,Caution
781,954.9,565.66,41.05,24.62,8.63,4.0,Caution
16,68.73,37.25,12.86,28.25,7.67,5.34,Normal
1846,1.67,2.05,332.71,34.08,5.13,13.83,Severe
1062,612.27,390.33,45.62,23.24,8.57,9.07,Caution
1755,13.07,10.93,111.57,33.92,9.23,2.11,Warning
1918,2.64,0.0,292.47,17.15,4.83,0.85,Severe
571,405.77,265.39,21.4,27.45,6.66,5.3,Normal
655,27.24,19.73,31.56,24.73,8.72,4.76,Caution
1125,965.32,627.68,44.76,23.63,6.17,9.05,Caution
1103,896.16,543.55,31.64,30.09,6.25,4.94,Caution
466,248.55,122.98,6.07,26.28,8.45,7.9,Normal
1000,38.32,23.11,32.03,31.5,8.72,4.96,Caution
200,113.02,64.57,17.27,29.06,6.85,6.06,Normal
1369,1370.81,870.46,145.31,33.43,9.15,2.07,Warning
1273,759.21,492.21,29.95,31.41,6.2,9.67,Caution
1289,27.21,14.78,26.85,31.55,8.67,9.94,Caution
2000,4786.53,2569.06,468.77,34.71,4.55,14.28,Severe
1482,1241.99,803.88,53.92,21.4,9.23,3.15,Warning
1065,21.55,17.86,35.94,30.73,6.49,9.69,Caution
592,99.86,49.52,5.72,27.22,6.57,7.47,Normal
945,44.23,19.46,29.99,30.28,6.31,4.05,Caution
1597,14.36,6.39,127.35,32.48,9.38,11.35,Warning
1616,1140.66,666.53,92.94,22.15,9.07,11.59,Warning
1578,13.8,0.0,136.43,22.44,5.58,3.57,Warning
1421,1300.21,655.11,147.0,32.17,5.61,2.18,Warning
1177,36.77,13.6,29.58,24.88,6.09,4.52,Caution
44,327.27,188.24,5.11,26.27,8.39,7.36,Normal
1783,13.53,2.44,75.82,32.46,9.06,2.3,Warning
275,195.47,112.31,15.1,29.69,6.74,8.58,Normal
1965,4537.92,1999.11,396.75,16.74,5.34,1.32,Severe
102,446.17,254.91,13.87,27.92,8.49,5.51,Normal
1081,830.42,456.51,30.59,24.31,6.06,9.81,Caution
1341,1551.45,756.46,143.86,33.03,5.87,2.21,Warning
1290,29.02,10.84,27.71,30.47,6.44,9.45,Caution
108,97.08,56.02,22.7,28.66,7.98,8.13,Normal
892,42.06,25.89,31.08,24.0,6.12,9.18,Caution
498,92.86,42.85,11.88,26.62,6.66,5.95,Normal
2143,2.01,0.0,479.04,16.71,4.95,14.07,Severe
1464,1669.47,1073.22,101.61,22.89,5.65,10.18,Warning
1785,1304.27,790.32,65.7,20.32,9.49,3.29,Warning
1848,4449.94,2439.22,153.99,18.2,4.79,12.33,Severe
1657,1191.32,744.49,149.24,32.86,9.3,3.86,Warning
1667,15.68,7.55,72.54,20.85,5.51,3.53,Warning
1476,1769.07,1032.05,84.26,22.56,9.38,2.65,Warning
1912,4605.06,2181.59,297.86,15.16,9.79,15.86,Severe
799,35.05,15.39,29.81,31.58,6.21,9.29,Caution
1754,15.73,4.17,55.86,32.22,5.94,3.75,Warning
713,28.77,31.17,28.34,24.6,8.57,9.88,Caution
73,462.8,233.02,16.14,27.66,7.5,5.42,Normal
977,44.76,22.48,37.65,30.49,8.93,9.78,Caution
1379,1556.59,816.29,142.42,33.87,9.08,3.68,Warning
1327,11.82,0.0,68.98,20.7,9.27,2.38,Warning
819,550.23,313.4,38.05,24.11,8.51,9.98,Caution
482,165.82,80.85,15.88,29.75,7.19,6.3,Normal
1581,1659.35,987.67,147.99,33.02,5.55,3.78,Warning
507,131.45,79.89,10.43,26.41,8.08,7.78,Normal
1993,2120.08,1255.41,552.24,37.12,10.14,15.41,Severe
1001,558.59,334.03,26.72,30.44,8.98,9.44,Caution
1209,43.43,29.19,48.25,24.58,6.04,9.28,Caution
2148,3.7,6.9,348.44,37.7,10.25,15.48,Severe
2067,7.87,6.2,165.87,16.85,5.37,1.12,Severe
1659,1395.08,636.57,141.54,33.94,5.7,10.19,Warning
1810,3982.44,2435.99,193.68,35.08,5.45,1.88,Severe
312,65.25,45.86,17.39,26.06,7.6,8.28,Normal
1054,49.31,29.8,30.3,23.16,8.94,9.16,Caution
406,69.34,37.24,2.9,25.51,8.11,6.23,Normal
1942,4860.74,2619.81,195.12,16.51,9.92,1.17,Severe
1484,1557.77,920.99,87.04,22.1,9.18,10.5,Warning
1453,1243.26,759.56,56.12,32.44,9.06,10.66,Warning
1572,1323.28,703.29,122.65,21.29,9.24,11.52,Warning
310,417.08,244.13,10.2,26.17,7.51,5.42,Normal
227,467.59,249.37,12.8,27.36,8.02,7.0,Normal
744,26.77,16.34,33.8,23.87,8.66,4.91,Caution
1934,3280.49,1607.7,387.17,17.63,4.76,0.53,Severe
927,26.67,14.25,34.53,30.48,6.11,4.39,Caution
1404,1183.47,589.26,109.6,22.88,9.18,2.93,Warning
1857,7.03,13.03,572.35,37.01,10.47,13.75,Severe
1053,48.69,31.29,47.62,24.28,9.0,9.25,Caution
1101,654.67,348.9,29.13,23.69,8.65,9.14,Caution
149,443.79,264.59,24.41,28.27,6.77,6.79,Normal
811,854.11,513.43,37.35,31.41,6.32,4.56,Caution
931,685.31,356.34,34.94,23.04,6.1,4.26,Caution
292,126.64,73.29,2.66,26.85,8.24,7.27,Normal
693,23.72,10.86,47.52,30.21,6.27,4.86,Caution
705,30.99,27.26,28.96,23.82,6.18,9.85,Caution
1045,854.8,468.6,40.26,31.34,8.89,4.66,Caution
1059,557.52,257.81,40.73,31.35,6.14,9.53,Caution
576,472.37,281.13,16.33,27.23,7.6,7.05,Normal
558,157.03,93.56,20.88,27.48,6.58,7.62,Normal
1260,33.25,20.43,40.95,31.4,8.86,9.89,Caution
702,566.23,342.3,27.85,31.62,8.94,9.46,Caution
908,41.3,24.85,29.02,24.88,8.63,4.14,Caution
1315,1528.25,714.42,91.77,22.47,9.26,3.12,Warning
1335,1796.23,1038.89,63.3,33.41,5.85,11.75,Warning
1809,6.11,2.38,306.89,18.51,10.12,13.64,Severe
749,984.28,646.78,33.36,30.78,6.13,4.84,Caution
1321,14.99,5.55,68.83,32.64,9.19,3.31,Warning
809,37.84,26.49,43.78,31.5,8.87,9.35,Caution
168,323.25,167.13,11.2,27.41,8.12,7.26,Normal
731,36.13,12.71,40.96,24.23,8.56,4.97,Caution
1174,911.65,442.32,40.89,31.8,8.74,9.19,Caution
287,476.99,236.92,19.16,25.22,7.96,5.02,Normal
1826,9.62,2.44,506.24,37.88,5.31,14.84,Severe
2145,4.36,9.22,439.48,37.17,4.98,14.98,Severe
629,153.34,81.36,20.94,26.99,7.13,5.98,Normal
599,378.36,223.64,10.81,25.23,6.92,6.85,Normal
1117,48.6,31.08,47.66,23.29,6.37,4.38,Caution
378,153.55,100.94,24.65,28.95,7.26,5.26,Normal
2074,8.77,2.23,386.69,16.23,10.15,14.46,Severe
1344,1628.56,1048.84,100.57,20.24,9.42,2.78,Warning
1808,3282.94,2098.01,215.63,35.32,4.67,0.92,Severe
1190,43.66,22.2,43.12,24.84,8.59,9.9,Caution
1396,13.82,4.55,53.51,33.07,9.38,2.12,Warning
1035,22.84,4.11,44.7,30.32,8.54,9.1,Caution
42,109.45,60.44,15.75,26.01,7.97,7.78,Normal
830,24.69,16.13,35.55,24.35,8.71,4.14,Caution
1367,1193.59,767.48,113.17,32.54,9.39,2.3,Warning
998,617.31,354.46,34.21,23.48,6.17,9.41,Caution
1868,9.62,0.0,312.28,17.58,10.23,1.89,Severe
1506,18.42,14.55,104.07,22.85,9.01,10.0,Warning
610,170.92,86.82,17.61,26.13,8.5,6.12,Normal
1195,855.73,351.88,30.54,24.16,8.77,4.27,Caution
2057,4002.37,2525.87,592.91,34.31,10.32,0.56,Severe
1669,14.55,1.15,103.64,32.11,5.62,2.6,Warning
2110,5.48,14.4,571.31,16.45,10.12,13.11,Severe
1162,46.78,26.63,38.69,31.27,6.15,9.64,Caution
494,173.23,83.09,9.28,26.58,7.29,5.52,Normal
1504,19.45,10.44,108.55,33.59,9.46,2.4,Warning
278,67.44,36.09,16.69,26.27,8.3,7.82,Normal
758,46.16,31.52,41.46,24.75,8.6,4.29,Caution
2075,3272.16,2154.29,366.94,18.63,10.13,12.8,Severe
359,122.84,72.55,3.25,27.01,7.05,7.12,Normal
2043,4.88,11.82,258.3,36.48,10.49,15.84,Severe
237,311.78,195.68,1.52,26.38,7.81,5.26,Normal
552,63.42,42.82,8.4,25.93,7.26,5.55,Normal
521,107.32,56.48,17.79,28.27,8.47,8.6,Normal
2066,4181.78,1975.26,523.21,35.91,9.55,13.6,Severe
209,107.73,59.87,19.74,26.53,8.23,7.48,Normal
1583,14.54,6.33,52.06,33.01,9.09,3.66,Warning
721,48.9,27.49,47.7,23.76,8.52,9.48,Caution
1074,894.88,554.87,40.32,23.61,6.49,4.13,Caution
1780,1874.44,1008.86,54.98,21.98,5.63,10.38,Warning
1591,12.14,9.77,109.95,32.62,5.98,2.07,Warning
59,103.65,57.79,4.22,27.54,6.8,6.62,Normal
632,182.45,98.23,9.25,26.79,7.75,6.1,Normal
1805,3.22,0.0,296.41,18.82,5.35,0.87,Severe
1205,36.58,18.88,30.93,32.0,8.66,4.59,Caution
593,495.25,315.0,2.57,29.62,7.47,7.18,Normal
2076,9.4,2.96,504.39,34.49,4.67,1.63,Severe
364,499.73,237.58,1.18,29.27,6.99,5.14,Normal
506,366.65,196.51,4.88,26.98,8.41,8.2,Normal
986,27.57,4.65,43.17,23.47,8.9,9.6,Caution
1279,519.35,304.63,40.22,31.16,8.68,9.78,Caution
1825,4819.52,2189.42,241.94,36.42,4.75,1.5,Severe
734,36.04,17.49,27.92,23.13,6.34,4.32,Caution
1381,14.46,7.81,110.78,32.65,5.64,3.53,Warning
2070,3209.11,1731.05,180.95,36.64,9.84,14.33,Severe
2151,3618.43,1811.65,219.1,37.5,9.91,1.66,Severe
1242,811.9,370.47,40.6,23.31,8.53,4.86,Caution
1044,605.59,366.31,43.53,23.03,6.41,4.63,Caution
119,160.16,102.78,4.87,26.7,8.25,7.12,Normal
1568,1407.08,730.6,111.37,32.21,9.32,10.84,Warning
707,46.68,7.39,48.53,23.75,8.6,9.27,Caution
2101,3381.02,1820.47,241.87,19.8,4.65,14.74,Severe
746,47.38,39.72,47.99,24.67,8.81,4.2,Caution
523,448.07,207.66,5.2,26.4,8.17,7.08,Normal
1348,1632.22,1052.9,124.73,33.28,9.25,11.74,Warning
1048,36.67,23.07,31.99,23.41,8.92,4.59,Caution
514,118.65,61.15,13.45,29.44,8.1,6.54,Normal
82,434.01,243.85,8.17,26.19,7.84,8.41,Normal
1790,2954.54,1441.03,186.89,18.03,9.51,0.67,Severe
942,21.1,5.79,38.6,31.84,8.6,9.87,Caution
1422,10.36,5.57,117.74,22.02,5.7,3.27,Warning
381,171.45,100.44,15.35,28.09,7.49,5.61,Normal
1179,872.14,469.08,43.17,31.17,8.69,9.7,Caution
1923,2.7,0.0,450.53,36.43,9.79,1.0,Severe
85,80.23,32.04,5.85,27.48,8.33,5.54,Normal
1909,7.41,5.47,202.96,36.57,4.59,14.22,Severe
673,46.42,34.33,28.58,30.0,8.51,4.37,Caution
775,726.25,329.04,33.82,23.76,8.58,4.14,Caution
330,409.44,271.23,16.95,26.46,8.23,8.53,Normal
7,404.12,236.26,16.96,25.7,7.86,5.8,Normal
1519,1132.26,671.52,69.41,32.89,9.21,11.48,Warning
1984,2.23,0.0,166.84,19.27,9.79,1.53,Severe
980,901.32,536.88,37.32,30.39,6.0,4.06,Caution
1023,24.81,25.54,47.57,30.33,8.56,9.17,Caution
165,273.39,124.69,12.18,25.13,7.63,7.97,Normal
2114,2283.57,1119.21,454.67,36.04,10.44,13.95,Severe
452,352.6,183.37,16.43,28.34,8.17,7.24,Normal
491,91.95,41.08,2.75,26.71,7.03,7.6,Normal
1026,20.88,16.49,46.08,30.33,6.15,4.96,Caution
1690,17.81,15.17,98.07,32.35,5.9,10.55,Warning
288,319.18,202.14,22.55,26.62,7.37,7.09,Normal
1108,35.74,17.14,47.68,30.79,8.79,9.96,Caution
88,177.46,107.13,14.48,26.61,6.98,5.62,Normal
1560,1098.28,698.12,94.08,33.82,9.29,2.96,Warning
1718,1502.8,802.99,87.55,33.94,5.78,3.89,Warning
1704,1534.97,786.29,117.54,32.22,5.87,3.78,Warning
1166,714.11,428.52,37.47,24.15,6.38,9.49,Caution
1030,34.13,12.43,34.11,30.06,6.15,4.25,Caution
1937,2540.74,1530.82,309.04,37.68,9.99,15.98,Severe
1028,912.88,544.92,49.93,23.66,6.08,9.33,Caution
1085,692.93,439.37,26.16,24.77,8.7,9.91,Caution
1518,15.35,10.35,90.74,33.42,5.78,2.2,Warning
1240,20.16,11.27,37.32,30.04,8.54,9.22,Caution
1274,618.63,343.53,26.18,32.0,8.73,9.49,Caution
1879,3666.28,2207.17,392.22,17.53,4.8,1.45,Severe
328,273.45,159.6,22.31,26.44,7.19,5.97,Normal
1906,3325.77,2073.08,493.67,16.34,10.28,0.63,Severe
443,409.6,242.65,12.96,26.72,7.61,7.08,Normal
835,36.62,18.27,37.32,23.65,6.13,4.66,Caution
1434,10.95,4.01,120.7,33.24,5.91,2.86,Warning
1091,35.11,19.49,25.26,24.5,6.43,9.04,Caution
833,36.36,15.86,43.39,31.44,6.21,9.53,Caution
1311,14.12,5.91,82.74,33.5,9.43,3.82,Warning
349,396.68,210.81,24.96,28.13,7.66,6.41,Normal
1084,21.66,12.88,49.17,24.54,8.53,4.31,Caution
178,226.18,106.97,3.15,27.28,7.47,6.55,Normal
916,49.34,29.9,38.74,30.92,6.21,9.93,Caution
1041,38.92,22.55,37.82,24.3,6.49,9.07,Caution
1916,3532.13,1689.28,441.85,36.44,9.99,13.66,Severe
87,384.04,217.53,15.18,26.63,6.97,8.64,Normal
1610,18.94,10.72,123.57,21.38,9.21,2.56,Warning
2104,3687.14,2094.53,225.14,37.99,9.98,12.39,Severe
1862,2303.9,1493.35,203.26,37.46,10.49,1.64,Severe
458,445.24,255.24,8.73,26.48,7.72,6.38,Normal
778,846.49,537.95,35.87,31.93,8.63,4.86,Caution
1577,1312.63,724.15,145.36,32.21,9.17,3.61,Warning
643,812.84,375.81,45.93,30.73,8.87,4.12,Caution
2119,3274.21,1910.28,363.62,36.64,10.34,15.77,Severe
55,433.01,250.78,4.73,27.52,6.75,7.98,Normal
1714,14.51,5.68,60.46,32.45,9.15,11.66,Warning
1666,16.45,4.57,75.1,21.73,9.0,11.47,Warning
644,692.46,416.04,25.08,23.01,8.52,4.5,Caution
1293,47.43,24.66,39.62,31.79,8.53,9.39,Caution
678,31.08,22.49,25.03,31.68,6.26,4.75,Caution
222,205.73,95.46,12.22,27.61,7.78,7.85,Normal
114,455.74,283.94,24.63,26.47,7.0,8.06,Normal
1878,1.35,0.0,350.99,19.65,5.24,15.66,Severe
1394,17.23,12.87,149.37,32.03,9.28,3.73,Warning
2058,5.05,0.0,169.15,35.81,9.5,1.44,Severe
175,78.4,38.25,24.25,27.84,8.33,6.59,Normal
2126,3857.74,1965.12,379.46,36.72,9.84,14.3,Severe
590,156.5,96.73,22.82,26.58,7.32,8.66,Normal
2036,3428.5,1750.18,376.28,35.21,5.44,15.22,Severe
1779,1936.19,1294.69,66.39,33.9,9.15,11.41,Warning
19,247.51,153.07,1.52,26.33,7.45,6.33,Normal
424,458.24,278.28,22.07,25.34,7.8,8.34,Normal
2124,4721.02,3151.01,204.05,15.44,5.05,0.66,Severe
286,324.73,161.53,8.38,26.46,6.9,8.89,Normal
1804,9.12,1.0,151.95,16.74,5.48,14.26,Severe
429,213.96,112.21,22.1,26.32,7.69,5.75,Normal
2044,4617.75,2603.01,524.1,19.65,5.32,0.56,Severe
2012,3.47,2.44,283.21,16.46,10.13,0.82,Severe
670,965.83,476.76,38.26,30.01,8.77,4.57,Caution
32,254.25,120.87,6.95,27.13,7.25,7.61,Normal
1121,26.17,13.0,31.45,30.84,8.88,9.7,Caution
723,813.05,367.25,28.01,31.57,8.93,4.76,Caution
1522,13.99,9.92,119.97,20.65,9.2,10.88,Warning
2121,4490.56,2275.19,520.66,35.48,9.92,13.91,Severe
215,149.07,90.03,18.09,28.29,7.71,8.32,Normal
1042,848.6,498.05,49.22,24.53,6.35,9.77,Caution
1414,1567.83,952.41,149.97,22.92,9.5,3.31,Warning
1624,11.56,4.06,109.34,22.02,5.71,3.44,Warning
327,469.32,254.98,14.71,29.39,8.3,8.84,Normal
561,254.76,137.85,15.83,29.28,7.49,8.08,Normal
1269,22.05,12.66,39.75,23.86,6.29,9.07,Caution
701,732.5,341.97,46.65,24.1,6.35,4.09,Caution
1765,10.59,1.98,108.2,22.72,9.37,11.65,Warning
1622,11.1,1.12,80.11,33.05,5.83,11.06,Warning
342,394.17,227.37,9.65,25.47,7.65,8.38,Normal
630,417.57,235.92,7.59,27.11,6.95,7.23,Normal
148,128.91,73.09,20.75,25.59,8.0,5.34,Normal
1357,16.41,1.16,80.12,20.36,9.07,3.49,Warning
361,488.53,285.53,5.9,28.05,7.74,8.95,Normal
84,498.91,285.54,17.82,27.04,7.09,5.55,Normal
1970,2790.44,1642.44,503.86,15.26,10.37,14.79,Severe
49,336.68,188.04,3.93,29.76,7.94,5.47,Normal
469,161.91,98.84,2.4,29.94,6.83,6.31,Normal
882,20.95,7.51,35.59,30.99,8.51,9.67,Caution
156,449.76,198.98,23.31,26.32,7.21,7.44,Normal
1005,44.8,29.96,39.92,24.43,6.46,4.53,Caution
2089,2030.26,978.27,587.66,37.29,5.04,1.43,Severe
1361,10.99,9.27,74.37,22.61,5.56,2.87,Warning
1599,1622.88,760.61,123.27,32.52,5.94,2.08,Warning
2029,3707.99,1960.1,536.22,35.02,4.62,1.33,Severe
1989,4.56,1.02,539.54,19.7,10.29,1.61,Severe
856,547.58,331.31,39.87,31.18,6.48,9.21,Caution
501,149.76,80.6,5.64,27.26,7.0,5.35,Normal
2008,4142.57,2368.69,481.57,16.45,5.36,12.22,Severe
180,72.1,30.46,4.69,29.68,7.53,8.91,Normal
967,20.06,10.0,46.21,24.24,8.63,4.58,Caution
1988,3933.5,2036.81,476.74,15.0,4.51,12.87,Severe
1998,3927.46,1884.68,426.56,17.96,4.84,12.15,Severe
1024,49.51,26.45,43.84,30.07,6.25,9.43,Caution
179,120.89,81.0,5.94,29.65,7.39,7.45,Normal
1316,1312.04,653.12,126.33,32.1,9.38,3.81,Warning
1469,18.27,3.37,63.54,21.34,5.92,10.31,Warning
1839,6.25,5.52,273.53,37.73,5.01,12.54,Severe
939,27.49,21.05,43.57,23.21,6.25,9.4,Caution
2001,7.13,5.33,285.22,34.29,9.96,1.95,Severe
529,168.5,83.8,21.51,27.38,8.16,7.04,Normal
347,208.13,119.53,6.2,25.58,6.77,5.41,Normal
1584,1090.3,622.0,86.68,21.88,5.81,11.13,Warning
2133,2.26,3.8,178.8,36.58,10.18,14.01,Severe
210,419.23,218.22,18.98,29.38,7.38,7.11,Normal
1749,16.5,5.42,137.51,33.86,9.18,3.69,Warning
386,126.47,57.65,23.88,25.42,6.59,6.56,Normal
1068,34.93,13.42,35.72,30.29,8.65,9.89,Caution
2082,8.02,3.6,351.34,36.1,5.39,12.64,Severe
602,459.04,228.69,15.25,25.89,7.3,6.66,Normal
1968,2.89,1.22,592.67,16.48,4.57,14.68,Severe
244,297.65,191.61,2.88,29.85,8.03,8.62,Normal
1895,2012.18,911.67,159.1,17.03,9.82,1.35,Severe
803,27.0,22.41,33.2,30.74,6.5,9.41,Caution
937,865.61,477.34,33.73,24.88,6.41,9.96,Caution
1265,653.83,319.52,26.17,24.15,8.86,9.09,Caution
1692,17.07,7.31,116.27,22.21,9.32,3.01,Warning
313,289.59,153.61,16.42,25.27,7.05,8.76,Normal
436,434.39,245.11,10.94,28.59,8.13,8.03,Normal
2103,8.12,2.24,199.57,36.06,4.96,0.58,Severe
137,148.49,89.15,20.59,26.29,7.08,7.34,Normal
309,114.35,57.11,5.63,27.6,7.95,6.47,Normal
969,39.87,17.75,35.47,30.82,8.71,9.05,Caution
431,406.33,246.42,11.83,29.69,8.06,8.61,Normal
661,39.34,15.14,26.93,31.86,8.95,9.42,Caution
2026,6.55,5.57,248.55,36.64,4.74,13.27,Severe
1698,19.36,1.15,118.36,21.97,9.5,2.55,Warning
371,344.26,204.21,18.04,29.65,6.76,7.02,Normal
567,177.69,104.34,2.69,29.9,7.05,6.01,Normal
950,966.21,449.6,45.63,31.01,8.99,9.17,Caution
1236,754.53,515.07,45.39,24.11,8.54,9.95,Caution
1603,1976.48,946.9,130.85,21.86,5.84,10.37,Warning
825,28.15,25.2,29.53,31.59,8.92,9.63,Caution
983,43.67,29.97,45.73,24.71,8.85,4.55,Caution
182,247.03,128.77,23.7,26.74,8.4,5.36,Normal
1079,518.84,255.83,43.42,31.5,8.72,4.08,Caution
814,680.78,450.17,31.22,23.35,6.28,9.6,Caution
779,41.96,33.25,27.64,23.79,8.55,9.11,Caution
1336,12.47,0.07,71.3,33.69,5.56,3.56,Warning
1014,40.64,28.25,25.76,31.35,6.16,9.74,Caution
1424,1105.92,694.11,56.5,33.99,5.92,3.59,Warning
1561,15.27,11.22,54.93,32.47,9.44,2.79,Warning
127,355.14,152.7,21.3,29.75,7.45,6.37,Normal
888,45.46,35.05,35.61,24.62,8.82,4.86,Caution
1008,987.11,567.45,46.11,30.9,6.35,4.68,Caution
356,472.8,259.97,16.86,29.08,7.36,6.28,Normal
1711,16.54,5.98,97.93,32.31,9.24,3.33,Warning
683,43.73,14.45,39.62,31.14,8.98,4.49,Caution
1751,1507.44,816.9,90.21,33.38,9.14,11.65,Warning
1473,1365.03,566.05,117.46,32.11,9.25,2.82,Warning
985,876.23,407.12,41.89,31.13,6.49,9.1,Caution
1645,10.18,1.62,135.94,32.2,9.15,2.97,Warning
141,343.71,222.91,24.81,27.76,7.35,7.0,Normal
1640,1243.43,754.18,83.31,20.55,9.45,11.6,Warning
1579,14.66,9.1,116.07,33.51,9.45,3.63,Warning
1211,517.69,315.68,47.65,23.28,6.35,4.23,Caution
1794,3077.18,1737.73,388.04,37.6,5.48,0.76,Severe
1250,32.96,23.66,36.4,24.09,8.8,9.44,Caution
1853,5.22,1.57,337.85,37.7,10.25,1.6,Severe
1994,4.71,5.75,466.39,16.52,9.8,0.7,Severe
712,920.39,460.91,38.23,24.69,6.29,9.03,Caution
1713,14.6,7.92,141.9,20.68,5.88,3.81,Warning
1913,4456.84,2179.57,438.61,34.95,10.17,14.83,Severe
11,60.22,38.23,3.16,27.03,7.83,8.26,Normal
1281,24.6,12.84,39.97,24.96,8.7,9.8,Caution
1245,37.53,14.84,28.08,23.01,6.24,9.31,Caution
755,886.27,549.14,47.98,24.28,6.14,9.73,Caution
627,53.36,26.29,21.44,26.61,7.37,7.37,Normal
1271,38.96,25.64,33.06,31.06,6.02,9.7,Caution
130,91.28,56.82,17.02,27.04,7.18,6.76,Normal
844,898.71,525.44,27.92,23.32,8.86,4.13,Caution
324,477.8,286.31,10.87,25.44,8.33,6.63,Normal
1243,513.37,232.95,25.7,24.91,8.76,9.23,Caution
15,391.33,210.09,18.27,27.9,7.11,5.71,Normal
2081,3441.67,2237.57,321.88,34.98,9.71,12.86,Severe
216,228.4,97.24,23.68,26.74,6.61,8.46,Normal
1492,19.69,0.3,93.92,22.31,9.43,2.44,Warning
2006,2585.49,1208.55,584.56,34.03,9.74,0.73,Severe
1513,1064.01,583.68,62.33,20.58,5.98,3.24,Warning
865,36.36,27.17,26.48,31.93,8.87,9.62,Caution
517,237.06,136.5,7.0,25.16,7.01,7.76,Normal
598,265.65,156.5,21.22,26.58,8.41,5.73,Normal
196,272.44,158.91,10.78,25.41,7.42,5.06,Normal
289,128.54,68.33,19.34,25.9,7.27,6.41,Normal
951,44.83,22.36,48.58,31.37,8.84,4.64,Caution
1345,1940.13,926.1,85.04,21.82,9.15,2.54,Warning
2068,9.22,1.47,452.85,37.85,9.89,14.64,Severe
550,117.79,73.12,7.17,26.86,6.83,5.21,Normal
157,389.42,222.31,20.68,28.1,6.73,5.49,Normal
420,66.34,31.71,21.52,25.68,7.79,6.76,Normal
923,37.36,15.59,42.76,24.16,8.97,9.4,Caution
478,247.93,110.39,17.45,27.07,7.74,6.88,Normal
1952,1.32,0.0,454.51,18.94,4.71,15.56,Severe
554,256.13,137.45,10.15,29.39,7.13,8.65,Normal
391,219.44,116.73,8.28,29.22,8.02,5.23,Normal
579,497.66,248.07,23.04,27.37,6.5,5.16,Normal
1943,4411.28,2184.03,470.32,37.14,5.2,1.33,Severe
1688,1407.3,862.2,56.8,32.52,5.8,11.87,Warning
1871,3142.25,1912.97,243.66,18.91,10.04,1.08,Severe
821,48.87,24.17,34.55,31.32,6.46,4.09,Caution
2064,2769.21,1377.63,487.08,15.5,10.07,1.05,Severe
1007,20.27,15.39,42.64,24.28,6.49,9.25,Caution
1199,913.2,581.4,37.34,24.93,8.97,9.24,Caution
665,31.53,27.55,28.66,23.65,8.66,4.04,Caution
1715,18.94,10.2,138.57,32.41,5.86,10.19,Warning
143,237.5,141.09,8.72,28.94,7.21,8.33,Normal
1860,3.49,2.28,458.62,37.04,10.05,14.59,Severe
1346,1249.38,644.47,110.74,21.39,9.18,11.36,Warning
422,475.04,240.59,11.54,26.01,7.61,7.74,Normal
800,37.23,22.22,38.96,24.32,6.06,9.94,Caution
616,317.85,181.64,24.61,25.94,7.76,8.43,Normal
296,187.47,100.63,7.02,27.61,7.23,6.85,Normal
402,137.68,71.39,16.55,25.7,7.89,8.23,Normal
89,416.59,249.09,22.66,27.38,7.38,8.98,Normal
1514,13.42,5.16,88.84,33.2,5.67,2.6,Warning
2120,5.18,0.71,250.32,18.85,9.58,1.99,Severe
132,459.65,237.3,5.86,25.69,7.05,6.13,Normal
1474,1953.04,1046.25,125.55,33.26,5.55,10.13,Warning
1221,36.82,21.93,46.96,23.1,8.74,9.35,Caution
1532,12.83,11.41,141.29,20.46,5.94,2.42,Warning
1709,19.82,9.65,57.2,21.95,5.69,11.69,Warning
725,49.82,34.39,46.92,23.35,8.96,4.46,Caution
1300,35.01,19.42,30.95,24.26,6.44,9.15,Caution
270,445.74,287.14,7.49,26.33,7.4,6.57,Normal
1551,1741.31,806.92,117.38,33.9,9.06,3.49,Warning
918,23.77,15.3,49.51,31.88,6.27,9.16,Caution
1675,1233.25,656.01,80.4,22.49,5.96,10.61,Warning
2051,4437.03,2722.62,387.58,36.14,4.94,1.5,Severe
376,476.67,242.79,3.2,28.49,8.02,6.11,Normal
334,203.62,127.45,20.21,27.36,7.5,8.27,Normal
1319,1693.51,837.95,121.64,20.61,9.31,3.54,Warning
2004,4636.26,2229.12,562.4,35.99,4.81,12.24,Severe
1119,789.91,421.25,33.71,31.22,8.94,9.05,Caution
911,669.55,347.19,28.38,31.12,8.93,9.09,Caution
777,38.05,27.93,43.73,23.89,6.31,9.97,Caution
1420,1889.31,1177.17,123.23,33.57,5.92,11.23,Warning
329,139.27,85.54,18.2,27.32,7.36,5.84,Normal
1745,1982.61,1078.71,64.39,33.37,5.56,10.3,Warning
13,458.86,242.81,17.79,25.44,7.22,5.47,Normal
898,45.25,22.88,43.53,30.52,6.29,4.79,Caution
172,442.13,240.68,16.22,29.87,8.12,5.32,Normal
261,307.38,186.75,6.13,27.33,7.93,6.45,Normal
1737,15.1,10.96,122.44,33.24,5.68,3.59,Warning
1611,1883.87,1208.23,118.28,22.01,9.15,11.68,Warning
902,679.49,424.69,40.59,31.17,8.69,9.07,Caution
259,489.44,245.86,5.48,29.28,7.06,6.56,Normal
845,539.62,294.47,47.7,24.66,6.13,9.65,Caution
139,328.85,214.09,23.39,25.96,8.5,5.62,Normal
320,68.56,43.86,3.4,27.58,7.99,7.42,Normal
1742,1725.63,1119.66,114.61,33.4,9.2,11.93,Warning
1403,14.7,6.99,62.91,21.4,9.15,11.98,Warning
1337,1472.74,828.72,136.01,21.79,9.02,3.31,Warning
559,176.09,86.8,19.62,28.95,7.77,5.97,Normal
140,348.55,219.44,3.68,28.95,6.78,6.08,Normal
1974,8.91,3.53,456.24,17.97,5.26,1.35,Severe
532,390.62,207.33,24.96,27.11,7.52,8.26,Normal
225,110.79,61.65,17.64,28.11,7.61,7.44,Normal
724,939.19,593.17,45.97,31.9,6.41,9.98,Caution
1955,5.28,2.27,182.09,17.09,10.21,0.54,Severe
1671,14.82,16.13,107.81,32.92,5.53,11.94,Warning
326,272.42,177.61,5.74,27.46,8.14,8.09,Normal
1436,15.74,7.79,110.99,33.7,5.76,2.68,Warning
1233,570.1,281.07,42.65,23.38,6.32,4.53,Caution
715,522.97,265.35,49.81,31.12,6.15,4.82,Caution
847,33.76,20.06,33.18,24.24,8.7,4.17,Caution
194,216.17,126.7,6.66,25.65,7.05,6.76,Normal
574,194.82,100.14,21.57,29.93,8.35,7.61,Normal
947,32.16,11.99,40.89,23.67,8.88,4.42,Caution
504,266.25,132.81,7.24,28.77,7.38,5.54,Normal
1332,16.51,13.67,138.93,21.45,9.15,2.02,Warning
1323,16.91,0.0,80.13,20.43,9.29,11.12,Warning
2034,4102.66,2084.14,237.36,16.93,9.62,1.95,Severe
4,119.43,69.5,17.39,25.97,8.06,6.87,Normal
1827,8.84,5.45,486.91,20.0,10.4,0.79,Severe
468,204.72,106.14,7.28,27.25,7.52,8.01,Normal
6,424.52,225.79,20.31,29.16,7.37,7.8,Normal
1566,1996.3,1000.64,85.76,21.69,9.39,11.64,Warning
548,390.43,231.32,4.77,26.8,7.81,6.76,Normal
229,50.26,21.09,11.37,25.9,7.4,5.87,Normal
1064,31.76,19.95,29.57,31.08,8.67,9.53,Caution
543,191.25,121.99,12.67,29.46,6.6,7.77,Normal
243,58.04,37.33,23.2,29.63,8.15,5.81,Normal
899,847.11,386.52,25.84,24.49,8.75,9.02,Caution
1291,21.79,3.79,35.12,30.51,8.96,9.36,Caution
1161,531.87,299.14,46.38,24.82,8.72,9.5,Caution
1477,17.88,15.28,140.07,22.42,5.9,11.9,Warning
1238,42.66,20.86,46.23,24.03,6.36,9.54,Caution
843,31.77,11.54,41.42,24.84,8.93,4.24,Caution
1621,11.28,6.6,68.02,32.11,5.89,2.12,Warning
1314,1245.98,739.88,146.98,32.15,5.96,3.83,Warning
277,209.82,105.8,11.86,29.65,6.73,8.79,Normal
662,572.67,273.24,49.93,23.86,8.94,9.78,Caution
1796,4782.9,2435.44,467.85,19.56,4.96,13.27,Severe
315,460.49,296.73,4.62,27.82,6.83,6.47,Normal
692,507.6,246.49,26.75,30.75,8.69,9.17,Caution
1731,16.99,23.22,76.22,33.39,5.89,3.38,Warning
425,110.29,53.27,13.27,27.53,7.0,5.4,Normal
595,250.96,111.95,1.15,28.22,7.92,6.59,Normal
2134,3.49,0.0,598.33,34.5,4.62,0.9,Severe
623,208.93,100.43,15.77,26.12,7.69,5.67,Normal
1330,17.26,9.92,102.77,33.58,5.8,11.3,Warning
1193,844.6,405.42,38.41,30.98,6.28,4.22,Caution
228,464.76,262.98,12.84,25.36,7.98,7.06,Normal
1702,1336.39,737.99,130.42,22.99,9.48,3.41,Warning
1170,639.69,292.62,25.87,24.53,8.65,9.02,Caution
1515,17.76,11.51,64.53,32.01,9.43,3.15,Warning
1252,888.18,397.6,30.43,30.67,6.25,9.38,Caution
67,286.29,143.47,4.93,28.2,7.28,5.04,Normal
25,319.72,150.71,21.99,29.16,6.75,5.61,Normal
145,65.68,39.87,16.65,25.0,6.61,6.75,Normal
537,332.35,201.72,13.49,27.77,6.75,6.38,Normal
812,797.7,377.48,49.18,31.45,6.19,9.71,Caution
1384,18.44,6.25,53.41,21.11,9.1,2.12,Warning
86,388.38,196.24,13.98,26.72,7.77,6.68,Normal
2140,8.97,2.06,515.16,36.22,10.41,1.19,Severe
1343,10.83,5.45,104.57,33.08,9.15,3.33,Warning
1222,29.57,14.69,32.99,24.12,6.03,4.68,Caution
485,348.49,200.14,13.38,29.64,8.2,6.02,Normal
2059,6.72,1.41,456.07,16.15,10.49,12.17,Severe
1564,12.98,13.49,105.25,32.25,5.58,2.88,Warning
1302,32.88,15.39,43.36,23.21,6.32,9.3,Caution
363,290.02,156.08,17.16,27.84,8.35,7.82,Normal
1835,7.24,13.73,246.73,18.51,9.86,1.55,Severe
1772,18.28,15.04,142.54,33.39,9.26,2.58,Warning
1027,42.32,29.87,49.53,24.89,6.37,9.13,Caution
1031,47.0,42.37,34.8,24.41,6.17,9.83,Caution
1382,1129.11,641.9,74.0,21.55,9.24,2.52,Warning
1544,12.52,8.56,114.6,32.22,9.31,3.99,Warning
1224,30.84,30.35,29.09,24.86,6.14,9.43,Caution
666,29.94,26.68,29.72,23.45,6.18,4.82,Caution
365,214.33,124.48,17.73,27.95,6.62,7.74,Normal
78,490.06,310.81,10.88,27.45,8.05,8.94,Normal
28,185.43,114.71,12.73,25.62,6.76,8.71,Normal
2149,7.75,0.0,399.68,20.0,5.17,14.8,Severe
526,56.34,26.01,9.03,29.88,6.64,7.74,Normal
726,764.35,430.26,34.71,30.91,6.11,4.01,Caution
56,74.53,33.51,15.79,28.55,7.04,8.92,Normal
639,988.29,454.24,32.49,24.11,6.28,9.44,Caution
303,334.23,211.05,19.18,28.63,8.3,5.27,Normal
719,21.4,18.52,38.39,31.55,8.62,4.62,Caution
625,138.63,79.5,7.99,27.66,6.97,5.82,Normal
8,350.78,195.16,12.31,27.84,7.42,5.56,Normal
804,758.8,454.3,26.09,30.17,6.11,9.32,Caution
1050,602.29,351.07,29.47,24.6,6.47,4.67,Caution
337,415.53,224.62,18.03,28.44,8.24,7.13,Normal
48,401.14,221.37,12.5,28.65,7.27,7.21,Normal
1732,14.0,9.61,148.07,32.32,5.51,2.04,Warning
107,380.07,198.95,22.08,29.56,8.22,5.85,Normal
350,378.96,181.83,5.41,25.6,7.69,5.98,Normal
1080,42.33,26.66,43.04,31.3,8.77,4.69,Caution
239,346.99,190.36,18.4,27.75,8.31,5.6,Normal
214,447.59,255.9,8.23,28.94,7.07,6.53,Normal
1145,812.97,476.07,49.33,30.74,6.1,9.53,Caution
1425,10.75,7.85,98.88,20.64,5.8,2.93,Warning
1678,1829.97,847.82,78.15,32.74,9.1,10.69,Warning
794,37.73,20.92,47.75,24.77,6.04,9.41,Caution
1097,840.17,500.53,36.91,24.1,8.82,9.99,Caution
1339,1736.11,869.62,58.04,33.84,9.32,2.78,Warning
1782,1634.77,718.61,92.74,22.75,9.25,11.94,Warning
1911,2.16,1.88,395.57,36.62,5.47,13.59,Severe
1902,3558.2,1961.03,379.31,18.34,10.19,0.65,Severe
524,387.99,174.39,5.56,25.53,8.11,7.46,Normal
233,287.84,151.94,20.99,29.3,7.78,8.73,Normal
645,23.67,24.39,41.87,31.06,6.01,4.57,Caution
1720,11.15,2.89,77.87,33.59,9.36,2.57,Warning
534,120.32,69.96,22.84,28.08,7.21,5.52,Normal
1721,18.52,16.6,66.2,33.22,9.06,11.08,Warning
604,185.66,107.12,4.31,26.37,7.35,6.72,Normal
1405,13.75,18.15,100.02,22.26,9.04,11.96,Warning
1075,503.97,315.7,43.25,30.0,6.4,9.26,Caution
1487,15.18,16.52,87.64,22.51,5.65,3.66,Warning
61,307.61,179.86,14.58,27.09,6.57,6.9,Normal
1437,1785.5,883.33,57.46,20.3,9.13,10.21,Warning
93,278.68,147.79,12.75,25.56,6.5,8.45,Normal
667,503.05,283.65,48.31,23.3,6.48,4.38,Caution
1375,16.5,14.67,81.35,22.32,5.51,2.79,Warning
1845,7.16,3.53,216.92,37.58,5.05,1.16,Severe
281,220.49,140.36,15.1,26.73,7.28,7.14,Normal
1270,512.74,274.25,25.04,31.01,8.61,4.34,Caution
360,98.74,56.54,4.04,26.11,7.6,5.1,Normal
1286,27.38,14.26,29.62,24.45,6.5,4.54,Caution
1423,1024.31,575.57,115.9,22.38,9.37,2.52,Warning
848,638.4,316.01,35.66,31.46,8.7,9.35,Caution
1207,553.4,328.4,35.63,23.9,6.4,9.36,Caution
1570,18.3,8.57,59.52,32.92,9.23,10.83,Warning
111,123.29,67.19,17.43,26.89,6.89,6.58,Normal
43,410.4,243.18,15.25,29.68,6.67,5.55,Normal
126,376.78,208.61,12.07,26.96,7.76,8.69,Normal
205,94.0,44.51,12.24,26.23,8.35,7.92,Normal
53,322.67,145.53,20.24,25.18,7.81,5.02,Normal
546,194.05,92.93,6.4,29.48,6.89,5.1,Normal
69,131.42,52.48,22.77,27.17,8.01,6.88,Normal
1294,738.43,391.38,33.62,30.04,8.72,4.66,Caution
1764,1892.23,1213.04,58.7,32.03,9.19,3.08,Warning
184,273.94,148.71,13.47,29.68,6.84,5.75,Normal
138,112.25,51.96,19.58,26.68,6.52,8.19,Normal
900,974.2,421.94,31.83,23.25,8.54,9.65,Caution
797,37.45,19.76,40.8,24.52,6.36,4.37,Caution
133,194.22,100.42,24.43,28.05,8.41,6.02,Normal
81,354.78,185.21,1.71,29.29,7.74,5.02,Normal
1693,1436.09,945.62,148.44,32.48,9.29,3.03,Warning
1756,1086.56,543.51,128.63,21.6,5.81,2.52,Warning
542,424.54,194.57,5.39,28.83,8.4,8.51,Normal
1816,3497.78,1953.88,429.71,34.03,9.77,13.5,Severe
984,634.96,330.08,41.64,23.79,6.13,4.19,Caution
166,171.65,93.2,4.85,29.39,7.16,6.49,Normal
249,178.31,111.47,9.04,25.36,7.18,6.9,Normal
447,267.9,139.16,19.7,29.58,7.94,8.2,Normal
1362,1170.78,643.89,70.56,33.89,9.5,2.69,Warning
859,524.18,309.67,41.35,24.83,6.11,4.82,Caution
1376,18.93,5.76,95.29,22.76,5.66,11.7,Warning
98,493.09,310.52,9.68,29.59,7.01,6.82,Normal
806,632.16,383.07,40.22,24.6,6.33,4.94,Caution
738,49.43,22.9,35.62,31.2,8.95,9.46,Caution
1429,19.48,15.29,62.65,20.31,9.39,3.67,Warning
103,426.31,251.66,1.44,27.97,6.6,6.18,Normal
435,51.12,29.89,21.54,26.04,7.99,6.99,Normal
75,264.88,154.28,19.27,28.17,7.91,8.93,Normal
2040,3930.16,2033.66,202.48,18.67,9.74,1.93,Severe
1363,15.74,11.49,64.81,21.03,9.43,10.68,Warning
1428,1498.53,777.06,83.08,21.31,5.98,10.7,Warning
1231,47.7,28.5,29.29,24.65,6.05,9.88,Caution
919,994.53,542.42,30.26,24.97,8.72,4.01,Caution
1949,4718.78,2369.99,237.53,18.4,4.86,13.74,Severe
1901,8.14,1.69,196.1,34.07,5.48,14.0,Severe
1919,4146.03,2593.92,589.78,34.67,4.76,13.96,Severe
763,799.57,452.76,34.71,23.27,6.23,9.44,Caution
990,937.92,598.04,43.03,23.8,8.95,4.64,Caution
389,254.38,119.69,5.57,25.81,7.05,6.33,Normal
236,299.29,149.78,1.51,27.23,8.2,5.91,Normal
1719,12.53,5.49,134.14,32.22,9.33,3.44,Warning
268,396.54,236.61,3.24,29.65,7.12,5.38,Normal
1775,15.15,9.37,118.19,22.81,5.71,2.75,Warning
118,252.44,155.3,6.89,29.23,7.03,5.72,Normal
1829,4.18,0.0,240.24,36.94,4.7,13.54,Severe
674,982.16,445.31,32.66,30.47,8.66,9.32,Caution
250,102.15,54.61,22.24,27.23,8.19,8.81,Normal
1656,11.31,11.62,137.73,22.81,9.4,3.21,Warning
2150,3816.47,1797.39,487.86,34.27,5.49,15.12,Severe
95,370.2,168.71,4.61,29.65,7.16,5.19,Normal
34,101.97,48.18,1.51,25.83,8.34,6.14,Normal
1668,1622.76,868.15,147.51,20.84,5.86,10.25,Warning
1898,4853.3,2815.75,288.3,16.56,9.64,1.41,Severe
449,149.02,65.62,23.45,26.43,7.38,5.52,Normal
717,673.52,359.21,36.39,30.53,6.02,4.67,Caution
1438,11.09,3.63,147.77,22.24,9.29,3.81,Warning
1733,17.05,7.69,78.95,21.09,5.72,3.34,Warning
1,92.38,54.05,24.41,27.19,8.05,8.43,Normal
1567,1402.66,758.22,59.07,20.18,9.44,2.08,Warning
1102,31.87,7.29,49.48,23.41,6.36,9.04,Caution
1109,26.76,15.59,28.31,24.11,8.87,9.72,Caution
1392,15.66,4.12,90.12,21.15,9.42,2.56,Warning
83,203.87,134.93,18.22,29.43,7.05,5.75,Normal
1465,10.95,6.7,117.77,33.61,5.63,3.82,Warning
677,48.64,31.17,45.26,24.35,6.21,4.92,Caution
1654,1776.72,937.78,98.09,33.25,9.1,10.65,Warning
1047,43.44,27.7,28.45,30.11,8.99,4.57,Caution
771,605.3,398.58,32.6,24.5,6.09,4.47,Caution
1380,15.51,4.01,107.3,21.9,9.47,2.12,Warning
1457,15.44,21.04,109.83,33.62,9.42,10.74,Warning
1801,4317.06,2701.75,170.5,37.52,10.12,12.16,Severe
2079,6.67,7.3,320.41,37.33,4.83,15.18,Severe
405,298.86,165.98,7.5,29.4,8.1,6.89,Normal
1966,1.46,0.0,336.73,17.34,4.68,1.23,Severe
1478,12.05,4.3,137.6,32.78,9.31,3.5,Warning
1526,13.26,8.59,51.99,32.26,5.88,10.4,Warning
105,55.61,28.29,20.1,29.92,8.02,6.68,Normal
689,28.66,22.37,30.07,23.37,8.72,9.44,Caution
1488,19.6,5.11,125.65,33.51,5.58,2.76,Warning
827,668.74,448.33,28.68,23.12,8.79,9.04,Caution
1241,31.97,18.46,33.53,24.47,8.94,9.36,Caution
63,284.12,140.89,20.2,29.43,7.97,8.68,Normal
1306,762.2,372.16,42.64,31.08,8.89,4.04,Caution
853,689.47,336.69,48.62,30.16,6.07,9.43,Caution
1542,1317.23,728.27,138.09,32.33,9.42,11.29,Warning
1263,603.12,291.79,37.58,31.06,8.87,4.81,Caution
224,459.41,269.1,8.08,26.54,8.03,5.87,Normal
146,418.64,232.21,3.23,29.3,6.79,8.29,Normal
1089,24.99,13.99,48.12,31.85,8.53,9.42,Caution
374,423.15,196.19,15.26,26.05,7.81,8.92,Normal
1623,18.96,9.61,120.76,32.2,5.56,10.24,Warning
1143,47.54,24.01,35.53,30.99,8.64,10.0,Caution
2065,1.62,0.0,481.41,17.49,10.09,12.03,Severe
1855,5.45,4.86,201.57,35.65,5.26,0.62,Severe
1275,623.29,288.68,27.25,24.31,6.39,4.29,Caution
1266,23.54,9.29,45.91,23.36,8.85,9.86,Caution
1823,4835.62,2593.6,213.81,34.44,9.98,15.64,Severe
1574,10.89,0.19,124.97,22.23,9.4,11.42,Warning
10,182.12,103.03,16.89,26.17,8.21,5.23,Normal
450,197.38,131.77,15.76,25.99,6.99,5.9,Normal
709,913.13,459.37,42.89,23.06,8.8,4.73,Caution
256,253.63,124.15,21.22,26.68,6.79,8.95,Normal
883,764.12,454.1,38.81,23.64,6.29,9.11,Caution
390,455.5,219.62,3.36,28.44,6.76,8.78,Normal
1495,16.44,8.26,129.24,22.92,9.3,3.59,Warning
909,889.96,588.07,47.49,30.09,8.54,4.15,Caution
925,28.5,24.49,33.45,23.09,6.28,4.32,Caution
1939,2289.75,1407.79,426.28,37.61,5.26,1.36,Severe
1996,4038.5,1908.53,364.3,34.5,10.37,13.74,Severe
461,243.51,125.78,22.2,26.5,7.35,5.19,Normal
1443,1124.87,637.68,129.59,21.97,5.89,2.08,Warning
1936,2.41,0.0,462.98,19.78,9.82,12.71,Severe
1169,33.05,19.52,37.44,24.96,8.78,9.65,Caution
959,20.18,10.02,25.46,24.21,8.94,9.16,Caution
502,266.01,154.76,22.72,29.73,8.09,7.61,Normal
740,568.04,320.26,29.87,23.53,6.36,9.62,Caution
41,411.98,231.79,13.79,27.68,7.16,8.39,Normal
869,610.58,394.45,42.08,30.22,6.03,9.88,Caution
732,564.63,312.86,34.19,31.67,6.1,9.43,Caution
540,263.33,123.28,21.17,25.51,8.34,8.76,Normal
1202,48.08,23.25,27.04,23.63,6.44,4.74,Caution
1340,1004.45,491.57,70.57,22.11,5.79,3.01,Warning
698,49.06,21.9,49.19,24.36,8.89,9.07,Caution
1589,1795.17,989.53,100.08,32.37,9.42,10.84,Warning
1609,15.46,0.32,66.55,20.61,9.31,3.15,Warning
2023,3872.8,2281.03,236.65,37.08,5.0,1.5,Severe
1146,27.66,16.93,30.9,31.72,6.35,4.38,Caution
1032,926.45,564.94,47.69,31.7,8.56,9.15,Caution
373,189.29,99.75,14.17,28.05,6.82,8.16,Normal
668,32.81,10.45,43.29,31.2,8.91,9.36,Caution
1741,1103.92,711.74,103.17,21.3,5.9,10.39,Warning
358,59.12,24.83,6.99,25.18,8.36,7.49,Normal
968,33.7,16.67,26.92,31.27,8.72,4.52,Caution
784,799.89,479.3,48.97,31.34,6.33,9.53,Caution
736,42.0,17.85,45.12,24.3,6.32,9.77,Caution
1354,17.3,1.53,144.83,22.0,5.88,2.54,Warning
1036,821.22,460.78,30.67,23.93,8.78,4.84,Caution
971,651.17,362.11,47.64,31.2,8.97,4.68,Caution
1740,13.73,8.53,72.07,32.31,9.27,3.06,Warning
1877,4904.5,2942.53,472.23,18.71,5.29,1.66,Severe
2010,1.06,5.09,361.05,37.22,4.51,12.13,Severe
1802,3263.66,2113.18,478.62,35.88,5.1,1.16,Severe
1739,15.41,3.19,66.42,21.11,9.33,10.67,Warning
1329,13.76,9.05,72.35,32.71,9.38,3.53,Warning
1539,1531.45,984.69,123.62,33.12,9.43,3.78,Warning
2003,4717.68,2913.83,352.65,35.27,10.36,14.73,Severe
1426,1235.03,777.68,79.92,22.41,9.06,2.47,Warning
1869,4881.68,3105.23,459.15,35.94,4.94,15.95,Severe
1253,738.03,358.44,42.85,24.8,8.62,9.42,Caution
1928,7.26,9.97,575.34,36.69,5.31,1.05,Severe
1953,3452.29,2113.47,586.68,16.71,5.19,12.63,Severe
1237,537.07,252.58,47.16,23.24,8.83,9.69,Caution
886,667.19,407.09,31.02,24.2,8.56,4.15,Caution
80,382.74,171.28,20.22,28.57,7.85,8.09,Normal
1173,589.44,335.14,41.12,23.85,6.42,4.31,Caution
815,28.23,14.74,44.16,23.39,8.91,9.71,Caution
1462,12.62,6.95,113.75,32.3,9.28,3.26,Warning
672,23.85,17.84,30.24,23.13,6.05,9.94,Caution
1747,15.9,0.0,119.5,22.23,5.51,3.29,Warning
58,310.11,186.73,17.79,25.73,7.64,8.78,Normal
134,249.77,150.29,23.46,27.0,6.55,8.5,Normal
1141,541.78,326.93,25.45,30.26,8.51,9.31,Caution
934,962.7,522.1,38.0,31.85,6.12,4.61,Caution
1917,1.56,1.05,168.81,18.86,4.72,1.99,Severe
824,613.87,281.43,49.84,30.61,8.83,4.53,Caution
1433,1522.63,751.32,149.19,20.44,9.13,11.75,Warning
1556,1415.56,928.5,136.37,33.24,9.0,11.15,Warning
1215,25.23,2.13,29.14,24.32,6.06,4.65,Caution
505,251.87,158.75,20.88,29.75,7.94,7.68,Normal
2020,3.73,2.03,479.12,35.82,10.39,0.81,Severe
348,83.81,62.92,18.76,29.67,7.58,6.54,Normal
387,340.89,218.28,5.48,28.2,8.02,7.7,Normal
1025,743.34,437.64,28.65,31.32,8.88,9.29,Caution
1385,1394.44,893.28,119.27,22.42,9.07,10.16,Warning
895,573.29,264.0,45.11,30.64,8.79,4.99,Caution
829,652.3,379.83,36.26,30.58,6.43,9.32,Caution
2099,2227.49,1433.06,202.69,19.48,10.33,12.86,Severe
476,428.43,242.76,19.44,27.14,7.28,6.12,Normal
1677,17.4,9.12,126.7,33.96,5.72,10.85,Warning
1650,11.19,10.08,95.8,33.44,5.93,3.92,Warning
1593,10.56,7.83,139.33,33.34,5.55,3.34,Warning
653,788.67,372.73,42.99,24.75,6.48,9.86,Caution
173,68.18,34.25,17.94,27.67,6.57,8.97,Normal
1150,891.36,466.03,29.07,23.17,6.38,9.02,Caution
39,265.04,123.47,11.01,28.2,7.27,6.07,Normal
714,934.4,506.47,32.32,30.53,8.76,4.59,Caution
91,254.8,129.34,13.39,25.21,6.71,5.98,Normal
167,134.42,73.68,15.26,29.83,7.57,8.85,Normal
1206,22.83,5.66,41.68,24.34,8.91,4.16,Caution
876,48.43,16.7,47.55,23.21,8.66,9.14,Caution
1813,4206.36,2574.04,476.2,34.1,5.43,0.88,Severe
1908,9.06,6.63,155.2,16.09,9.85,14.25,Severe
2098,2528.14,1366.15,411.73,19.88,10.3,12.83,Severe
1094,37.84,14.81,26.02,23.22,8.78,4.89,Caution
1156,44.54,31.12,41.94,24.14,6.16,9.51,Caution
1325,16.2,5.82,71.5,22.77,9.08,11.75,Warning
1553,1927.42,967.83,130.23,22.69,5.98,10.55,Warning
1351,1520.05,809.07,77.37,33.56,9.36,3.17,Warning
511,346.44,179.6,14.43,28.43,7.74,8.62,Normal
500,468.4,269.96,2.03,28.06,6.82,6.06,Normal
1546,18.64,15.39,128.76,21.73,5.98,3.44,Warning
1983,6.21,3.51,356.06,34.74,4.73,12.09,Severe
339,300.42,177.64,13.29,27.52,6.95,8.96,Normal
1872,3047.57,1445.96,254.28,37.33,4.95,14.9,Severe
1189,39.59,17.3,42.93,30.85,8.98,9.8,Caution
29,335.29,161.82,3.54,29.62,7.07,5.1,Normal
1218,40.22,6.82,43.68,30.19,6.04,4.25,Caution
1509,15.98,9.3,137.48,20.3,9.28,2.74,Warning
795,33.94,18.49,49.43,30.95,8.92,4.39,Caution
946,34.54,30.3,34.32,31.79,8.84,4.16,Caution
1680,16.47,1.35,78.97,22.27,5.85,11.07,Warning
170,219.53,105.39,15.85,28.45,7.43,5.65,Normal
1602,10.27,5.35,60.3,32.34,5.74,2.04,Warning
1198,758.38,367.43,35.09,31.34,6.28,9.29,Caution
1254,31.79,7.47,27.3,31.99,6.06,4.19,Caution
1595,1751.54,816.07,143.78,20.21,9.09,2.65,Warning
913,881.96,455.13,42.75,31.44,6.48,4.36,Caution
492,91.01,48.3,22.02,25.89,7.72,8.53,Normal
954,716.96,324.94,42.0,30.64,8.88,4.41,Caution
1098,20.46,24.87,25.25,23.92,6.22,4.45,Caution
1033,29.41,10.48,48.15,31.24,8.96,9.05,Caution
588,315.67,154.95,13.16,27.83,8.3,5.78,Normal
751,30.48,9.5,42.74,23.32,8.76,4.09,Caution
658,718.88,412.48,33.6,23.29,8.93,4.15,Caution
235,200.1,99.53,8.94,28.18,7.51,6.63,Normal
733,931.58,419.11,25.01,24.9,8.63,9.76,Caution
2147,2694.87,1658.17,280.09,35.45,9.76,15.11,Severe
1858,9.24,7.52,397.79,16.97,5.01,15.61,Severe
1157,40.52,25.21,40.22,24.55,6.04,9.51,Caution
1893,3.34,5.01,363.77,35.33,4.78,1.67,Severe
1627,10.96,4.46,144.61,33.6,9.22,2.57,Warning
1997,8.2,10.85,435.04,37.25,5.37,15.81,Severe
935,22.19,8.64,34.78,24.99,8.98,4.94,Caution
1210,571.02,263.32,42.07,23.65,8.74,4.29,Caution
1066,892.36,414.37,42.52,30.34,6.3,9.73,Caution
109,490.65,290.46,10.05,26.02,6.7,7.97,Normal
1778,17.81,17.02,84.78,33.65,5.89,2.84,Warning
569,347.26,154.56,19.12,26.37,6.99,8.25,Normal
1168,882.14,413.02,35.19,30.94,8.89,4.6,Caution
1175,574.76,348.94,33.38,24.59,8.9,4.3,Caution
1508,1450.64,865.21,68.01,33.38,9.2,10.35,Warning
1493,1281.56,723.77,90.01,22.58,5.53,11.37,Warning
891,48.95,31.59,42.33,24.53,8.85,4.5,Caution
948,656.32,330.06,29.3,23.85,6.42,4.5,Caution
1049,36.28,7.07,38.16,24.9,8.78,9.3,Caution
1541,1712.51,865.92,96.76,33.5,9.49,10.37,Warning
1563,1474.75,895.93,73.78,33.71,9.14,11.23,Warning
1874,9.69,8.7,228.86,17.81,5.48,12.03,Severe
885,528.39,331.74,34.98,24.66,8.77,9.44,Caution
1903,2.49,0.0,598.68,37.43,5.09,12.78,Severe
2115,3141.79,1518.38,464.22,19.61,4.74,15.96,Severe
1750,1552.34,697.25,121.25,34.0,9.33,3.37,Warning
851,34.37,24.65,44.25,30.77,8.74,9.14,Caution
1408,13.55,4.3,113.7,33.34,9.26,11.31,Warning
735,722.52,371.09,29.73,30.66,6.13,9.96,Caution
718,507.22,283.87,28.89,24.09,8.72,9.08,Caution
455,144.59,74.57,8.42,26.24,7.28,8.44,Normal
265,220.38,109.54,10.24,25.16,7.05,6.12,Normal
76,379.59,214.59,11.56,28.91,8.43,8.47,Normal
1887,9.91,12.8,214.68,16.89,5.22,12.65,Severe
445,113.2,59.62,8.37,29.19,7.47,6.23,Normal
396,278.26,132.34,23.49,29.34,6.58,6.46,Normal
177,294.57,197.03,22.57,25.63,8.39,8.18,Normal
1043,963.99,536.94,36.96,30.67,8.59,4.46,Caution
1975,3436.75,1845.02,211.76,37.75,10.06,13.61,Severe
2037,7.45,14.3,473.19,36.12,10.48,1.03,Severe
1724,16.22,3.61,125.99,21.45,9.25,2.44,Warning
1573,1536.78,912.86,122.96,20.85,9.44,2.27,Warning
596,498.94,290.87,22.99,26.38,6.66,7.62,Normal
62,244.14,128.59,16.02,26.58,7.8,8.15,Normal
1297,754.57,426.0,27.91,24.85,6.22,9.36,Caution
873,46.64,25.2,32.48,30.74,8.72,9.82,Caution
1700,12.24,12.11,90.61,32.86,9.13,10.85,Warning
217,289.08,134.25,19.7,28.73,8.23,8.54,Normal
279,111.41,61.09,8.68,29.75,6.69,7.99,Normal
1549,1916.98,1093.96,68.5,21.03,9.17,3.38,Warning
1393,1058.7,623.4,112.54,33.92,9.3,10.0,Warning
37,429.61,273.44,22.66,25.26,8.17,8.7,Normal
1729,1625.48,1029.21,60.88,22.12,9.42,10.48,Warning
663,40.9,12.51,44.59,30.51,6.34,9.22,Caution
2053,5.17,6.71,329.54,19.3,4.94,14.02,Severe
1647,1757.89,840.4,110.96,33.93,9.17,10.99,Warning
978,23.39,18.02,31.91,23.98,6.02,9.15,Caution
1791,3480.43,1866.18,296.51,37.47,5.13,0.8,Severe
739,35.83,16.82,45.28,24.41,9.0,9.37,Caution
192,386.6,204.25,20.56,25.35,7.91,6.92,Normal
920,23.06,9.6,33.48,31.64,8.79,4.94,Caution
457,107.86,71.12,10.12,26.2,7.86,6.68,Normal
1418,12.6,3.0,95.11,22.72,5.83,10.51,Warning
676,596.37,319.41,28.64,23.65,6.27,4.11,Caution
761,973.39,486.72,38.36,31.3,8.6,4.02,Caution
2054,3041.33,1767.93,221.28,16.21,5.38,12.07,Severe
1824,2380.28,1252.45,465.28,15.57,4.74,0.6,Severe
729,38.78,12.37,33.94,23.1,8.96,4.18,Caution
1873,5.53,2.24,379.54,18.51,4.87,13.27,Severe
1400,1007.01,592.81,68.36,20.63,9.47,2.6,Warning
413,78.79,32.79,18.7,27.73,8.37,7.47,Normal
1099,555.36,334.34,42.74,24.45,8.77,9.98,Caution
1517,1283.66,771.68,111.57,32.68,9.32,10.24,Warning
1525,16.66,9.94,111.02,32.43,9.37,10.53,Warning
826,30.06,18.82,30.87,31.54,8.79,9.68,Caution
1707,18.91,14.18,114.97,21.5,9.21,2.55,Warning
617,152.52,70.45,18.8,28.92,7.69,7.62,Normal
115,93.64,50.9,21.3,25.69,6.64,6.22,Normal
418,210.34,118.72,14.45,25.19,6.73,6.32,Normal
2109,5.05,7.7,267.41,37.73,10.14,15.6,Severe
970,39.02,19.04,39.28,24.46,8.58,4.64,Caution
605,106.4,72.15,3.08,26.01,8.05,7.93,Normal
2113,3588.62,1548.05,160.34,36.13,5.12,12.25,Severe
90,280.73,115.7,11.39,25.51,7.62,7.61,Normal
849,47.06,23.97,38.67,23.78,6.33,9.64,Caution
1920,6.28,7.82,386.45,37.55,10.19,1.33,Severe
2112,2315.75,1252.16,220.04,19.54,5.03,0.93,Severe
754,41.41,26.47,46.83,30.76,6.23,9.43,Caution
499,292.28,159.05,5.42,26.79,7.93,8.41,Normal
1277,21.75,6.31,28.15,30.91,8.77,9.77,Caution
1326,1621.71,991.76,148.95,33.99,5.62,10.1,Warning
12,250.77,127.57,10.14,27.51,6.82,5.61,Normal
397,438.83,216.93,4.44,25.29,6.85,5.32,Normal
285,141.96,88.65,3.25,25.94,7.34,6.36,Normal
2030,5.61,4.78,432.63,37.12,9.87,0.52,Severe
1067,20.73,16.23,39.28,31.58,6.33,9.23,Caution
1192,30.91,28.81,43.92,30.92,8.98,9.21,Caution
1441,19.59,5.68,118.07,32.29,9.21,3.74,Warning
1601,11.98,7.98,66.97,20.72,9.43,10.14,Warning
1985,7.47,1.94,559.83,16.4,4.66,14.19,Severe
1451,1330.9,583.87,103.73,32.42,9.46,3.1,Warning
691,47.11,26.32,29.12,31.23,6.42,9.36,Caution
1856,8.46,0.0,303.6,34.52,5.27,12.04,Severe
1569,1383.29,667.69,73.85,20.75,9.39,2.93,Warning
2091,9.16,14.27,282.07,17.29,9.61,0.87,Severe
690,604.97,305.36,42.4,30.84,6.07,9.02,Caution
852,649.11,378.01,46.01,23.34,8.59,4.78,Caution
1499,1920.97,1017.54,65.57,32.16,9.23,3.68,Warning
160,211.4,113.72,10.81,25.52,6.89,8.46,Normal
896,41.56,21.32,43.53,24.39,8.84,4.6,Caution
1930,4474.3,1988.62,528.2,34.72,5.0,0.74,Severe
258,166.48,96.17,13.11,29.65,7.35,7.01,Normal
336,124.64,55.82,20.67,29.38,7.26,8.95,Normal
2093,4.4,0.95,160.18,37.56,10.13,14.02,Severe
1040,35.21,23.57,33.68,24.67,6.29,4.7,Caution
516,288.04,156.8,1.8,28.55,8.21,8.18,Normal
1349,17.55,6.28,113.1,33.48,9.2,11.84,Warning
1016,49.1,30.81,32.85,24.2,8.61,4.46,Caution
769,736.02,423.11,34.35,24.7,6.33,9.85,Caution
1987,3323.15,1824.78,411.32,17.53,4.65,14.42,Severe
762,891.43,384.71,27.0,24.38,6.1,9.34,Caution
1247,41.82,24.77,27.64,24.54,8.86,9.58,Caution
1204,876.49,504.45,41.43,30.63,6.16,9.08,Caution
1674,1994.44,1296.78,130.16,33.48,9.5,3.9,Warning
1124,679.74,347.49,35.03,31.56,6.17,4.25,Caution
522,271.96,164.74,2.94,25.52,8.11,5.54,Normal
23,450.86,261.45,22.44,29.96,7.37,8.57,Normal
357,236.68,121.03,3.97,27.63,7.33,6.27,Normal
1278,766.06,508.65,48.8,23.64,6.45,4.22,Caution
1313,15.1,8.65,137.58,33.42,5.76,2.13,Warning
1915,6.41,6.9,432.4,17.05,5.25,13.24,Severe
341,257.02,150.93,5.36,27.78,7.1,6.34,Normal
432,185.57,115.41,8.45,28.76,7.08,8.17,Normal
474,130.19,64.09,1.48,25.08,7.05,5.83,Normal
218,384.8,206.31,13.76,29.79,6.55,7.84,Normal
912,41.07,22.03,38.64,31.8,6.48,9.28,Caution
1228,707.52,279.78,27.66,24.92,8.52,9.61,Caution
1817,2.67,0.63,258.47,19.38,10.44,1.05,Severe
1012,818.27,397.74,49.87,24.84,6.04,9.79,Caution
958,899.62,430.37,42.72,31.55,6.41,9.84,Caution
94,159.12,100.65,12.52,29.21,8.06,6.04,Normal
1009,762.0,466.31,44.02,30.61,8.91,4.91,Caution
1071,41.02,24.78,35.1,24.86,8.98,9.4,Caution
1093,945.07,472.78,31.32,31.58,6.27,9.86,Caution
1806,2338.41,1096.3,501.56,15.03,10.24,12.98,Severe
1309,1390.0,664.48,51.25,20.91,9.19,3.86,Warning
697,957.03,564.26,34.52,31.79,8.84,9.95,Caution
2117,4809.87,2547.88,223.25,35.34,9.57,0.99,Severe
997,587.52,365.04,29.72,30.79,8.62,9.24,Caution
1459,1519.57,796.31,77.44,22.82,9.43,2.39,Warning
154,137.97,62.7,17.31,25.3,8.37,5.86,Normal
1100,979.48,634.31,45.8,23.02,8.56,4.99,Caution
2111,4921.32,3240.07,485.81,18.06,10.11,1.3,Severe
2153,2566.46,1539.9,435.9,17.85,9.99,14.9,Severe
790,724.73,371.53,34.84,24.68,8.82,9.74,Caution
581,462.39,219.09,11.91,27.87,6.71,5.62,Normal
1471,1695.87,1072.23,65.37,21.06,9.24,11.14,Warning
704,41.5,29.51,38.09,24.51,8.92,4.51,Caution
1213,32.76,24.44,42.53,31.42,6.04,9.96,Caution
1296,769.62,420.59,42.58,23.24,8.96,4.7,Caution
2122,2.61,0.0,216.5,37.1,5.18,0.96,Severe
1261,725.91,480.89,46.7,23.59,6.11,4.51,Caution
488,187.21,105.8,13.45,29.33,7.45,6.55,Normal
1625,1085.67,738.99,110.17,33.59,5.59,3.38,Warning
560,98.24,45.86,7.51,27.62,7.57,8.4,Normal
1142,43.54,24.52,35.65,23.53,6.09,4.62,Caution
1964,3120.8,1595.12,411.66,34.01,10.5,1.16,Severe
1120,22.97,12.02,42.06,30.61,6.47,4.47,Caution
802,22.39,14.69,30.54,31.98,6.45,9.72,Caution
513,439.33,234.53,8.63,28.84,7.5,6.07,Normal
634,402.77,254.07,10.99,25.26,7.33,8.73,Normal
1770,1753.56,849.86,146.4,32.09,5.92,11.12,Warning
1665,14.97,6.46,57.79,33.65,9.43,10.76,Warning
2035,3748.48,1837.97,590.38,37.7,5.44,12.24,Severe
1762,18.27,11.4,148.09,32.76,9.42,10.46,Warning
1151,509.58,311.81,37.01,24.31,6.03,4.95,Caution
791,44.19,30.39,38.57,23.78,6.21,4.28,Caution
117,473.69,285.96,3.9,28.8,7.31,8.09,Normal
1498,15.57,7.1,72.73,22.33,9.38,11.68,Warning
741,36.76,12.37,29.65,23.3,6.39,9.99,Caution
1925,9.5,3.74,449.22,36.0,4.86,15.48,Severe
1082,21.05,0.45,26.12,30.43,8.61,4.9,Caution
1628,12.28,0.0,104.09,33.18,9.26,3.87,Warning
831,36.75,26.69,43.37,24.45,6.43,4.76,Caution
120,291.46,138.87,11.43,27.59,8.05,6.96,Normal
657,32.21,15.41,33.2,24.28,8.67,9.4,Caution
1885,3.36,0.0,232.55,18.92,9.68,1.34,Severe
2108,3728.18,2074.71,563.66,16.83,9.53,1.32,Severe
636,60.26,29.87,15.75,29.31,8.16,7.25,Normal
370,308.23,165.1,5.4,27.71,7.01,6.28,Normal
269,94.05,52.59,7.62,29.0,8.04,7.41,Normal
656,647.27,335.73,29.6,30.67,8.81,9.01,Caution
936,27.49,21.87,43.99,31.67,6.07,9.69,Caution
823,41.59,26.97,48.68,23.02,6.09,4.06,Caution
867,695.64,378.53,26.14,24.54,6.39,9.17,Caution
47,120.93,71.76,4.55,26.35,8.03,6.46,Normal
1374,1681.29,823.03,65.24,32.32,5.94,3.23,Warning
1945,3016.98,1517.75,429.8,36.17,9.58,0.61,Severe
992,904.68,518.16,39.79,23.29,6.09,4.6,Caution
877,974.62,504.9,39.32,31.77,6.35,9.12,Caution
774,639.99,299.49,46.59,31.69,8.76,4.04,Caution
1220,35.86,30.53,36.56,30.93,8.82,9.24,Caution
1127,848.26,472.2,46.29,23.85,6.15,4.29,Caution
5,108.46,56.98,12.42,26.85,7.15,6.88,Normal
2031,3.37,3.3,186.09,15.49,9.79,15.39,Severe
1004,913.72,470.65,26.41,24.83,6.25,4.53,Caution
1899,5.11,0.0,556.54,16.08,4.73,1.03,Severe
1962,3016.19,1671.82,292.95,15.0,5.11,14.15,Severe
264,169.06,69.85,1.95,28.07,6.86,5.06,Normal
1789,2209.44,1245.82,470.18,34.74,5.29,1.77,Severe
613,350.57,186.53,23.09,26.62,8.38,8.26,Normal
444,133.0,85.83,24.36,28.56,7.53,7.02,Normal
1003,853.17,438.65,38.93,24.3,8.84,9.62,Caution
1078,978.34,507.6,47.29,24.33,8.9,9.89,Caution
838,24.07,12.71,41.48,30.39,8.86,4.21,Caution
2039,6.1,2.23,325.21,37.43,10.47,15.45,Severe
1991,3.09,6.97,191.69,18.91,4.54,1.77,Severe
305,266.62,121.62,14.72,25.8,8.5,5.81,Normal
1366,1504.61,793.05,109.95,22.3,9.01,2.2,Warning
1776,18.6,12.09,146.81,33.74,5.86,3.49,Warning
314,115.62,60.85,6.44,25.48,6.74,5.93,Normal
150,304.89,198.71,14.22,28.28,6.94,6.16,Normal
1149,21.57,15.2,29.28,30.69,8.93,4.66,Caution
1214,48.2,30.73,37.54,31.24,8.61,4.86,Caution
575,260.16,131.11,8.76,29.32,8.45,6.21,Normal
1722,15.74,12.19,65.55,20.59,9.24,10.18,Warning
1689,10.47,10.16,52.83,32.57,5.84,3.85,Warning
51,177.76,84.47,21.09,25.55,8.06,8.99,Normal
1771,10.95,4.22,136.43,33.59,9.23,10.08,Warning
727,21.15,13.5,28.35,23.86,6.25,4.85,Caution
834,33.09,9.35,42.25,24.95,8.5,4.92,Caution
1378,1022.19,502.17,100.76,33.78,9.48,3.53,Warning
1116,30.54,19.57,33.5,30.95,6.21,9.9,Caution
1167,46.24,25.28,37.76,31.06,8.85,4.87,Caution
471,482.82,290.38,3.04,28.52,7.48,5.31,Normal
972,27.81,14.64,34.81,23.01,6.25,9.64,Caution
654,43.55,12.83,38.87,24.97,8.98,4.38,Caution
400,365.57,206.28,19.98,25.55,6.63,5.38,Normal
512,283.36,172.6,8.72,28.56,6.69,7.91,Normal
321,295.34,184.59,15.88,27.79,6.53,8.0,Normal
20,176.56,105.77,16.83,27.77,6.78,5.43,Normal
685,28.61,23.55,41.29,31.2,6.03,9.71,Caution
36,307.05,134.37,10.99,25.91,6.59,5.95,Normal
903,570.49,352.71,35.27,31.24,8.59,9.51,Caution
2024,4510.15,1840.65,309.41,36.45,4.56,1.57,Severe
828,26.9,14.93,41.3,24.61,8.84,9.9,Caution
2047,9.94,2.06,474.99,35.34,9.56,15.31,Severe
408,418.91,242.45,12.6,28.21,7.69,7.84,Normal
921,25.97,2.89,29.49,31.72,8.52,4.53,Caution
538,404.54,227.29,21.49,25.02,8.14,7.48,Normal
759,659.43,373.96,28.33,30.26,6.14,9.2,Caution
1706,1313.06,697.52,138.56,21.02,5.7,11.04,Warning
2107,2474.0,1442.6,219.66,15.67,9.88,12.57,Severe
1063,39.12,15.41,37.33,24.55,6.26,9.72,Caution
1200,727.86,427.22,38.82,31.06,6.13,9.86,Caution
246,379.91,171.18,9.86,27.55,7.44,6.25,Normal
1417,1196.52,692.87,52.23,32.59,9.09,10.66,Warning
1128,40.14,12.39,46.1,24.49,6.09,4.47,Caution
785,738.5,498.45,29.81,23.27,6.44,9.26,Caution
2015,2826.24,1584.92,547.18,15.76,9.69,1.24,Severe
490,313.75,155.06,13.24,25.69,8.16,8.64,Normal
155,437.13,220.56,8.69,27.11,6.91,5.7,Normal
1663,19.43,8.87,113.37,32.0,5.91,10.33,Warning
962,821.03,415.99,25.95,24.64,6.07,9.69,Caution
1687,16.24,3.28,64.09,33.77,5.63,3.92,Warning
854,20.43,4.39,30.4,23.26,6.39,9.03,Caution
1312,14.28,6.93,84.32,22.02,9.4,3.73,Warning
626,445.6,275.88,16.11,27.19,7.7,8.68,Normal
686,39.25,15.02,40.36,24.21,8.72,9.07,Caution
1781,1081.11,619.58,112.88,33.66,9.47,2.47,Warning
570,213.89,100.65,21.37,26.52,7.65,8.51,Normal
566,63.33,29.94,24.75,25.71,8.23,6.46,Normal
1759,11.65,13.48,118.99,32.86,5.88,2.28,Warning
18,269.0,166.18,12.78,27.41,8.42,8.13,Normal
128,347.0,234.36,8.26,28.75,8.28,8.97,Normal
1347,16.36,12.09,82.93,32.94,5.64,10.36,Warning
1280,37.75,24.76,45.78,31.58,6.26,4.04,Caution
2137,5.8,0.0,375.95,36.47,9.99,1.43,Severe
928,769.82,484.08,26.89,30.79,6.49,4.96,Caution
981,35.93,18.65,34.46,31.98,8.96,9.13,Caution
253,288.7,132.32,15.24,26.97,7.41,8.24,Normal
191,173.04,79.16,8.4,26.79,6.85,6.91,Normal
1140,43.46,24.12,41.8,31.01,6.46,4.58,Caution
993,48.7,17.95,31.33,23.27,6.07,9.55,Caution
700,937.92,542.51,31.07,31.23,6.21,4.35,Caution
1886,7.23,0.0,492.36,17.45,5.37,1.29,Severe
607,335.9,179.57,11.4,26.47,6.73,5.95,Normal
181,140.84,72.94,20.21,29.56,7.64,7.15,Normal
302,105.73,71.73,5.75,27.64,6.97,5.27,Normal
497,495.7,323.37,24.91,25.36,7.24,5.88,Normal
1941,1.48,3.74,387.79,36.1,10.3,1.59,Severe
1947,3.27,1.26,280.52,36.95,4.91,15.96,Severe
1891,2.87,4.29,169.16,35.66,4.77,13.11,Severe
2011,3783.79,1839.17,540.28,37.83,4.67,15.94,Severe
1865,2282.39,1293.53,567.07,34.0,9.93,1.44,Severe
518,81.99,41.2,11.82,27.9,7.45,5.03,Normal
1397,1415.28,689.28,59.76,33.49,5.68,2.68,Warning
1070,48.97,26.78,49.89,23.53,8.68,9.83,Caution
477,197.53,116.71,23.45,28.61,6.56,7.18,Normal
158,309.59,142.91,20.35,27.01,6.59,6.3,Normal
1244,35.6,21.11,36.76,31.98,6.18,4.53,Caution
1196,44.84,26.12,33.74,31.43,6.45,9.56,Caution
17,311.48,175.59,9.32,27.94,6.71,5.68,Normal
1536,12.24,11.11,114.85,20.97,9.49,10.48,Warning
1073,24.59,24.26,30.51,23.12,6.37,9.38,Caution
2139,2015.34,1062.22,408.82,19.2,9.85,12.75,Severe
547,311.9,190.36,5.82,26.52,8.33,5.62,Normal
1540,17.12,13.5,90.67,32.58,5.66,3.63,Warning
659,28.31,18.96,33.49,23.72,6.08,4.7,Caution
1849,3017.84,1374.28,421.74,34.78,9.79,1.66,Severe
1020,48.32,26.63,30.69,24.25,6.35,4.32,Caution
1892,3305.07,1952.12,309.38,34.03,10.47,1.83,Severe
1505,1410.53,815.32,50.43,22.46,5.53,10.66,Warning
960,45.81,25.5,32.2,23.56,8.8,9.57,Caution
2095,8.76,0.0,499.5,15.79,9.86,1.87,Severe
284,300.29,188.46,6.19,29.21,8.01,8.48,Normal
1633,1034.84,504.06,53.54,21.6,9.4,11.09,Warning
798,689.8,419.77,47.12,23.32,8.6,9.41,Caution
1850,5.84,0.0,151.26,34.61,9.57,13.93,Severe
226,150.07,87.57,11.58,27.23,6.65,6.64,Normal
27,139.9,76.34,20.3,27.53,6.74,7.78,Normal
2016,1.46,11.7,468.06,36.86,5.21,15.29,Severe
1800,5.94,10.67,390.55,17.28,9.78,12.58,Severe
438,389.92,183.81,15.63,29.94,7.91,8.89,Normal
2127,4.2,2.56,470.36,36.72,4.89,1.83,Severe
1389,1367.35,701.03,97.29,21.33,5.95,10.23,Warning
230,125.31,63.05,16.04,27.85,6.56,5.62,Normal
38,291.23,166.05,13.34,28.21,8.06,8.12,Normal
1694,10.97,0.0,133.98,33.71,5.96,2.37,Warning
750,822.19,549.86,31.97,31.98,8.96,9.13,Caution
1046,45.81,19.49,39.03,30.68,6.35,9.36,Caution
1399,1799.09,1053.97,84.52,33.24,9.1,11.13,Warning
470,482.57,300.21,17.34,28.31,7.17,7.52,Normal
1927,2980.25,1667.38,450.54,34.33,9.73,1.25,Severe
2144,4.38,0.0,594.54,34.26,9.94,1.92,Severe
688,687.78,319.6,40.57,24.13,6.36,4.39,Caution
1057,36.24,20.43,40.98,31.15,8.54,4.08,Caution
640,45.28,21.59,40.54,24.0,8.74,9.06,Caution
1950,3799.5,2366.12,488.54,18.75,5.43,13.47,Severe
1219,568.59,264.65,44.82,24.48,8.91,4.44,Caution
1159,686.68,441.35,48.35,31.52,6.37,4.79,Caution
1416,13.18,8.35,107.36,20.62,9.45,11.89,Warning
1528,17.05,9.02,138.37,22.45,9.34,2.62,Warning
1884,2084.5,888.45,348.82,18.47,5.25,14.6,Severe
1301,711.94,425.02,35.42,23.77,6.2,9.87,Caution
2088,4806.03,2186.23,579.99,36.93,9.96,12.54,Severe
801,24.87,9.8,26.4,30.99,8.87,9.26,Caution
1604,14.05,15.08,122.38,20.5,9.41,3.87,Warning
161,252.97,138.73,14.63,29.66,8.35,6.57,Normal
1705,14.93,0.0,77.63,32.87,5.52,4.0,Warning
957,28.41,16.45,45.27,30.05,6.21,4.23,Caution
1744,1759.25,784.74,81.96,33.05,5.75,2.92,Warning
1187,580.93,288.76,32.81,24.92,6.34,4.76,Caution
822,31.48,19.03,46.42,30.44,8.65,9.37,Caution
1730,13.59,7.51,132.3,21.1,5.51,10.69,Warning
1914,8.64,12.47,527.2,18.38,9.82,13.34,Severe
878,31.55,19.22,32.93,24.41,6.46,4.69,Caution
914,31.61,14.37,43.24,31.89,6.1,4.41,Caution
153,127.38,74.33,22.37,26.06,6.5,8.58,Normal
99,192.94,79.05,2.87,28.0,8.1,5.87,Normal
2022,2.19,0.0,349.97,17.07,10.07,0.6,Severe
510,133.9,70.28,6.26,25.5,6.86,8.06,Normal
1136,22.31,16.99,30.47,31.65,8.84,9.54,Caution
1251,667.08,395.51,30.48,31.99,8.92,9.9,Caution
1894,7.6,13.31,271.17,16.83,10.31,1.62,Severe
104,228.27,141.36,17.26,26.27,8.25,7.44,Normal
1446,1046.89,599.65,111.45,33.22,9.0,11.11,Warning
1444,12.23,6.66,69.96,21.87,9.41,3.24,Warning
1978,1.44,0.0,309.34,35.39,9.73,1.4,Severe
587,205.88,107.12,20.05,25.43,7.09,6.71,Normal
2013,3664.61,2056.73,534.31,17.25,4.82,2.0,Severe
1697,11.75,0.0,131.75,22.88,5.94,3.9,Warning
1144,523.49,283.9,31.87,24.09,8.99,9.04,Caution
54,364.15,161.19,21.11,29.0,6.61,8.71,Normal
152,191.64,115.34,14.54,26.93,7.62,6.08,Normal
404,184.97,107.25,3.76,29.49,7.14,7.25,Normal
1155,814.49,413.87,35.77,24.69,8.9,4.52,Caution
208,432.95,217.79,21.36,28.91,7.78,5.84,Normal
2100,1.1,18.34,430.14,35.96,10.25,1.76,Severe
1683,12.96,4.62,145.21,32.82,5.51,3.99,Warning
1123,531.64,296.24,34.03,31.41,6.33,9.72,Caution
1992,4049.85,2194.07,346.08,36.51,10.39,14.42,Severe
9,63.87,30.53,11.48,27.77,7.77,7.24,Normal
1015,763.32,443.49,35.61,23.41,8.56,9.09,Caution
2046,2353.6,1115.24,301.68,16.77,9.94,1.08,Severe
1061,32.53,12.45,42.95,31.62,8.62,4.63,Caution
453,77.82,43.02,20.73,27.99,8.43,6.66,Normal
1676,1464.63,916.51,83.16,32.38,9.48,2.54,Warning
254,474.08,271.19,1.53,27.11,7.19,5.4,Normal
1328,1564.65,738.54,88.16,33.57,5.89,2.84,Warning
897,607.5,329.27,42.58,24.2,6.03,9.28,Caution
1973,4697.59,2786.9,253.95,17.54,5.35,1.58,Severe
881,998.46,534.1,41.75,24.06,8.73,4.96,Caution
1596,1667.99,1007.01,114.59,21.11,9.29,3.25,Warning
2097,4.71,1.95,296.2,36.98,10.33,14.62,Severe
624,398.31,233.78,16.62,25.83,8.03,5.18,Normal
346,209.63,116.46,16.57,29.44,8.1,5.2,Normal
1938,8.32,0.9,156.04,34.6,9.71,1.03,Severe
1788,7.42,7.64,279.05,18.87,9.58,0.97,Severe
263,203.69,111.27,4.91,28.55,7.71,7.85,Normal
1635,19.56,10.78,70.31,32.81,5.57,2.06,Warning
1322,1414.41,746.28,60.37,21.6,9.18,10.94,Warning
1439,1787.44,1169.98,56.07,22.95,9.4,10.65,Warning
151,167.08,92.51,11.05,25.25,6.55,7.41,Normal
473,343.89,212.88,16.57,25.12,7.15,5.61,Normal
1803,2140.98,1196.81,483.39,37.6,9.99,1.9,Severe
641,829.22,465.36,27.2,31.67,8.67,4.48,Caution
872,36.63,25.29,34.43,30.52,6.01,4.85,Caution
2096,1.47,0.0,481.18,18.53,9.92,1.58,Severe
551,131.14,61.43,15.73,25.01,6.53,7.04,Normal
2025,5.1,2.27,511.14,16.29,4.62,15.66,Severe
929,31.97,18.36,48.22,30.78,6.27,9.76,Caution
489,465.32,264.14,5.98,26.09,7.36,8.47,Normal
1844,4.33,1.18,449.39,36.32,4.93,14.49,Severe
1735,16.48,3.51,99.38,20.73,5.99,11.33,Warning
2056,2430.75,1371.61,213.5,34.43,4.6,13.45,Severe
1172,513.82,308.86,45.46,31.44,6.18,4.38,Caution
147,259.11,125.14,9.83,28.76,7.01,7.02,Normal
1940,3208.56,1721.16,455.83,17.62,10.13,12.78,Severe
1370,1838.5,949.19,137.16,20.83,5.77,2.13,Warning
403,109.65,58.97,23.9,27.59,6.72,5.4,Normal
955,46.78,22.51,41.39,30.31,8.55,4.2,Caution
2092,4567.17,2136.27,427.81,16.19,10.01,15.25,Severe
660,601.89,358.2,47.83,30.14,8.79,4.72,Caution
1795,1.23,0.0,269.06,34.04,9.7,1.14,Severe
1373,10.77,11.52,128.54,32.29,9.49,3.86,Warning
464,244.11,142.15,20.67,28.19,7.45,7.06,Normal
1350,1794.33,987.61,105.71,32.39,5.92,10.25,Warning
187,333.98,200.98,9.34,27.14,8.06,7.55,Normal
1148,626.61,391.96,36.25,30.26,8.63,9.07,Caution
1225,48.77,26.8,46.22,31.75,8.86,9.64,Caution
609,430.46,255.26,3.62,28.01,7.69,6.36,Normal
144,93.24,46.97,4.68,29.47,7.48,5.58,Normal
752,744.37,368.35,40.01,31.38,8.98,4.51,Caution
1535,15.28,8.58,116.56,21.55,5.65,12.0,Warning
1931,9.3,11.16,565.62,35.96,9.72,1.85,Severe
982,830.03,513.88,29.25,30.67,6.14,9.78,Caution
198,472.46,270.45,9.27,27.01,7.13,6.07,Normal
1634,14.24,0.62,73.91,20.65,9.33,3.37,Warning
884,889.67,434.12,35.65,23.93,6.25,4.37,Caution
1861,4575.84,2091.05,291.68,16.42,10.17,12.33,Severe
280,223.66,112.43,5.73,25.3,7.09,6.48,Normal
294,270.0,176.33,13.02,27.74,6.97,6.7,Normal
767,43.71,31.57,35.59,31.21,8.7,9.57,Caution
401,198.77,121.15,7.58,26.77,8.0,5.05,Normal
123,118.79,58.01,23.1,29.09,8.48,7.97,Normal
1208,538.59,245.32,48.86,24.34,8.68,4.9,Caution
203,386.18,180.76,9.92,29.05,7.54,5.36,Normal
1463,15.56,10.0,109.37,20.52,5.7,2.63,Warning
836,20.17,12.51,49.56,24.41,6.07,9.69,Caution
247,436.8,265.05,10.08,29.71,7.43,7.94,Normal
1440,1068.38,549.91,129.4,22.98,5.56,11.71,Warning
1734,14.07,2.62,70.81,33.63,5.65,10.98,Warning
1995,8.65,4.29,520.63,36.62,4.93,1.65,Severe
730,34.75,22.28,31.04,24.15,8.6,4.08,Caution
1708,1859.77,977.36,58.58,20.15,9.08,2.7,Warning
2094,8.62,16.2,313.11,16.02,9.95,13.65,Severe
1154,20.94,11.98,44.23,24.07,6.2,9.92,Caution
1662,14.91,1.37,63.75,22.49,9.34,10.36,Warning
1427,13.43,11.68,147.33,21.16,9.27,11.98,Warning
385,462.23,311.05,21.41,27.73,7.41,8.68,Normal
2002,2736.49,1608.58,363.57,16.15,9.94,1.79,Severe
1760,18.96,8.34,60.23,33.93,5.86,10.54,Warning
855,29.64,17.12,37.88,30.64,8.69,9.77,Caution
1590,1046.27,511.91,94.97,33.51,5.53,2.82,Warning
220,145.3,65.56,3.16,29.61,8.31,6.33,Normal
642,49.74,19.51,48.49,23.65,6.03,4.59,Caution
2,339.74,177.17,20.75,27.25,6.76,6.48,Normal
113,481.7,245.63,16.66,26.3,7.44,5.18,Normal
699,21.59,0.0,27.0,30.17,6.38,4.14,Caution
1105,761.4,319.84,38.41,30.22,6.36,9.94,Caution
952,775.74,364.34,44.75,24.69,6.05,4.66,Caution
1649,1510.7,765.78,88.65,22.12,9.03,10.6,Warning
1637,12.45,4.45,93.05,32.27,9.26,3.51,Warning
1990,7.42,4.05,239.94,19.07,10.28,1.72,Severe
1411,16.97,6.84,54.67,32.81,5.51,3.41,Warning
1410,19.63,10.95,72.88,22.98,5.57,2.31,Warning
1831,4.79,0.0,342.14,37.4,9.82,1.45,Severe
1534,16.14,0.67,117.38,20.88,9.04,2.11,Warning
1292,27.08,9.52,47.7,30.15,8.76,4.99,Caution
2055,4.24,1.82,215.51,18.75,10.0,1.58,Severe
442,498.94,323.72,3.75,26.65,6.95,6.88,Normal
1521,14.13,4.23,70.86,22.31,5.55,11.2,Warning
1854,4886.44,2630.03,337.07,16.2,10.09,1.89,Severe
1137,43.27,22.28,39.14,23.47,6.49,9.11,Caution
1716,1987.06,1005.06,85.95,32.12,9.45,2.63,Warning
1257,49.13,21.06,43.2,23.97,6.07,9.77,Caution
2083,2754.89,1583.65,199.02,18.99,5.11,0.64,Severe
1632,1801.03,862.15,112.51,20.23,9.29,2.43,Warning
1696,16.2,7.57,58.73,32.92,5.59,10.14,Warning
1398,1184.48,608.81,104.06,21.63,5.55,11.89,Warning
1851,2642.98,1736.3,228.64,37.4,5.2,0.71,Severe
664,693.84,386.85,49.46,30.38,6.39,4.46,Caution
684,22.02,16.29,47.43,30.83,6.32,9.57,Caution
1258,45.02,18.14,35.55,23.36,8.8,9.58,Caution
1843,8.04,13.08,537.56,15.86,10.24,0.76,Severe
2019,2457.3,1190.67,305.96,17.87,4.78,1.26,Severe
1701,1956.46,1203.86,120.48,22.63,9.21,11.04,Warning
318,294.49,157.52,12.98,25.86,8.44,6.28,Normal
649,41.37,28.37,40.67,23.47,6.1,9.92,Caution
1435,18.19,9.48,86.85,32.25,9.12,2.27,Warning
1480,1807.26,1165.65,120.16,22.92,5.63,11.82,Warning
710,38.22,25.56,29.41,30.24,6.32,4.15,Caution
1383,1791.86,971.24,126.8,21.22,9.13,11.69,Warning
1283,47.6,34.38,31.72,31.63,6.31,4.61,Caution
1769,1013.98,538.26,141.25,33.24,9.18,10.09,Warning
973,623.87,370.05,36.51,23.11,6.49,4.32,Caution
628,448.03,220.16,19.31,25.99,7.73,8.58,Normal
633,207.5,97.3,18.22,26.12,8.47,6.95,Normal
2027,4402.85,2027.39,204.43,36.56,10.1,13.36,Severe
1307,535.2,302.37,27.03,31.96,6.06,4.63,Caution
1401,13.97,14.65,115.84,20.45,9.48,10.5,Warning
1409,1110.39,538.08,116.92,33.1,5.73,11.31,Warning
1249,715.56,486.76,30.1,23.27,6.33,4.58,Caution
2128,4965.58,3267.23,433.86,19.99,4.82,1.89,Severe
1255,28.6,22.77,30.98,31.56,6.12,4.14,Caution
1497,1701.69,857.95,60.21,33.48,9.43,11.0,Warning
1372,14.27,16.69,129.7,22.79,5.78,2.44,Warning
1530,1645.83,952.67,113.33,21.88,9.39,3.85,Warning
1664,10.02,8.71,124.11,22.45,5.98,2.43,Warning
1355,1416.62,696.74,139.16,22.1,9.28,2.89,Warning
2102,3166.98,1760.57,295.15,16.95,5.34,1.99,Severe
1822,8.7,6.66,181.49,17.02,9.69,13.34,Severe
2116,2901.08,1731.36,415.91,36.67,4.51,15.66,Severe
2105,8.47,1.22,212.09,35.32,10.16,1.74,Severe
1644,19.77,3.66,91.4,33.21,5.82,3.95,Warning
1052,877.36,562.31,33.04,23.16,6.05,4.36,Caution
796,38.51,22.21,26.52,23.71,8.7,9.72,Caution
646,25.11,12.65,36.48,24.51,8.72,4.54,Caution
1013,37.89,27.32,41.89,30.96,8.96,4.2,Caution
1977,9.27,2.25,463.6,34.96,10.26,1.25,Severe
1598,1313.32,621.44,124.51,22.04,5.59,11.0,Warning
557,155.96,78.19,22.73,25.83,6.8,7.63,Normal
682,849.12,422.4,34.61,24.96,8.66,4.68,Caution
578,360.39,167.3,5.22,28.24,7.04,5.21,Normal
1820,3849.85,2031.58,425.92,36.56,5.39,0.64,Severe
1110,23.1,3.88,28.75,31.66,8.9,9.16,Caution
1267,32.39,18.45,47.57,31.43,6.18,4.42,Caution
1723,1499.68,934.93,84.24,21.23,5.58,10.8,Warning
1863,5.88,9.43,550.39,15.33,4.56,15.67,Severe
1184,40.85,23.55,49.33,24.09,8.65,4.27,Caution
525,101.07,46.0,14.62,28.5,6.9,6.43,Normal
1060,570.09,324.67,26.43,31.28,8.51,4.52,Caution
541,106.07,47.46,14.65,27.56,6.55,8.25,Normal
1679,1101.96,547.62,56.29,20.96,9.23,2.97,Warning
1758,1722.71,923.63,96.25,32.4,9.43,2.88,Warning
1924,5.72,0.0,409.63,36.44,4.73,15.29,Severe
96,99.78,55.66,15.88,25.05,8.34,5.75,Normal
1021,35.66,15.05,49.31,30.9,8.62,4.11,Caution
564,301.05,170.45,18.38,28.87,7.33,8.4,Normal
864,750.77,352.04,43.31,30.66,6.45,9.5,Caution
1485,1686.48,932.7,141.2,32.78,9.38,2.48,Warning
1882,3143.45,1795.37,256.28,37.56,9.7,1.81,Severe
1039,20.13,10.33,45.9,30.84,6.41,9.58,Caution
207,431.0,201.96,10.58,29.72,6.77,6.61,Normal
393,199.29,89.59,2.69,26.77,7.7,5.5,Normal
871,20.26,9.05,49.53,31.95,8.95,4.95,Caution
398,224.62,106.52,14.32,27.77,6.55,7.8,Normal
2072,7.5,6.56,521.45,37.67,10.19,1.63,Severe
1029,30.82,15.11,42.08,24.59,6.03,9.91,Caution
1486,1276.35,800.94,149.29,22.48,9.16,11.45,Warning
961,38.52,28.28,34.14,31.12,6.2,9.16,Caution
1571,11.78,5.41,129.67,33.56,5.53,3.13,Warning
1896,3131.68,1760.32,595.36,18.03,4.62,12.18,Severe
805,664.12,329.11,41.95,30.88,8.78,4.23,Caution
1752,1254.74,593.27,60.41,20.9,5.65,3.31,Warning
503,191.0,106.96,21.32,27.73,7.78,5.5,Normal
780,992.65,557.52,28.13,24.43,6.05,4.26,Caution
1864,6.99,16.94,272.62,19.65,10.18,14.36,Severe
201,244.63,149.75,7.07,29.82,7.05,6.06,Normal
1797,2058.75,1259.95,471.56,37.56,10.01,0.82,Severe
379,465.93,244.05,19.35,25.92,6.51,7.54,Normal
419,318.39,157.76,8.55,26.59,7.83,6.38,Normal
1699,10.43,8.18,100.06,32.94,5.65,11.35,Warning
392,370.27,180.17,21.6,29.14,6.63,7.56,Normal
1523,1707.79,988.95,71.38,32.09,5.94,10.29,Warning
1163,632.67,371.68,30.79,31.95,8.89,9.32,Caution
1496,19.1,12.16,55.09,21.94,5.68,11.61,Warning
2028,4216.21,2601.12,244.62,16.86,5.14,13.1,Severe
1153,886.47,524.29,31.08,31.04,6.39,4.93,Caution
1368,16.36,6.07,71.56,22.8,5.78,11.31,Warning
65,435.45,203.06,9.93,28.71,7.13,5.06,Normal
2063,7.16,11.0,490.27,17.08,4.56,1.78,Severe
1181,855.75,503.52,28.05,30.63,6.02,4.33,Caution
493,317.0,213.24,24.74,29.72,8.42,7.86,Normal
380,93.9,50.35,16.56,29.59,7.79,5.99,Normal
764,612.8,375.45,28.83,23.99,8.93,9.91,Caution
792,799.28,368.15,34.05,30.03,8.55,9.6,Caution
1077,35.31,17.08,34.59,24.18,6.04,9.18,Caution
879,36.53,26.86,35.57,30.43,6.02,4.79,Caution
338,161.27,83.5,6.99,25.85,6.96,7.57,Normal
1017,992.13,516.9,34.12,31.46,6.37,4.45,Caution
1276,817.48,529.62,25.39,23.53,6.29,4.86,Caution
456,75.78,48.8,6.1,25.79,6.67,6.67,Normal
816,47.21,40.5,37.97,30.01,8.8,4.06,Caution
996,43.31,33.26,25.9,24.0,8.82,4.15,Caution
1982,3741.72,1616.51,163.06,34.4,10.15,1.88,Severe
202,307.03,147.84,24.86,29.18,7.26,5.85,Normal
162,92.59,55.54,4.99,26.6,7.61,6.38,Normal
1580,10.56,1.34,89.17,32.43,5.74,3.69,Warning
703,782.18,473.87,37.72,31.32,8.95,9.41,Caution
1501,11.14,11.26,125.75,33.08,5.8,11.75,Warning
1130,786.49,428.4,40.27,23.85,6.33,9.58,Caution
1022,40.36,24.67,39.46,23.46,6.23,4.41,Caution
1586,1632.74,988.27,89.04,22.14,9.29,11.21,Warning
1956,4665.68,2551.59,363.6,36.12,9.64,14.41,Severe
35,193.1,117.08,13.11,27.96,6.61,7.72,Normal
776,849.66,472.78,38.31,31.15,6.22,9.5,Caution
1479,10.24,0.99,93.12,33.39,9.21,3.6,Warning
1391,16.11,5.83,147.79,32.22,5.73,11.92,Warning
1364,1427.95,773.94,121.94,32.76,5.62,2.81,Warning
2042,3.88,0.0,327.76,18.36,5.21,14.11,Severe
242,150.62,78.0,11.92,28.02,7.45,5.98,Normal
2062,3059.82,1796.86,332.97,36.75,9.98,12.04,Severe
601,173.59,104.67,16.96,27.7,7.5,7.21,Normal
1298,824.51,368.95,42.63,23.87,6.4,4.17,Caution
2069,1.99,9.67,365.28,37.0,4.64,15.6,Severe
647,47.33,25.54,35.12,23.15,8.96,9.45,Caution
1529,1488.16,848.15,139.3,32.49,6.0,11.82,Warning
1268,834.4,517.11,41.78,31.72,6.15,9.11,Caution
1900,3362.32,1953.88,195.84,15.27,4.92,0.81,Severe
563,184.34,98.18,19.32,25.57,6.74,6.2,Normal
190,288.23,178.03,22.19,25.77,8.41,5.79,Normal
1807,1.19,0.0,411.39,35.26,5.14,15.56,Severe
976,888.1,394.75,42.34,23.25,8.99,4.73,Caution
2048,9.6,3.34,251.07,19.34,4.71,1.54,Severe
1083,41.94,29.92,30.61,23.12,8.64,4.05,Caution
475,111.9,54.9,14.54,29.68,7.76,8.19,Normal
748,41.81,30.74,30.25,30.44,6.01,4.59,Caution
22,165.18,77.5,23.47,29.76,7.13,6.16,Normal
460,320.12,178.54,3.21,28.08,8.4,6.53,Normal
1185,43.38,27.93,27.65,31.99,8.63,4.23,Caution
956,751.57,374.71,38.06,31.69,8.83,9.65,Caution
1216,39.36,22.96,45.3,30.36,6.06,9.12,Caution
1516,1776.4,1142.57,137.52,32.3,9.23,3.94,Warning
770,21.4,13.87,39.72,24.75,6.16,9.77,Caution
1686,11.17,9.84,87.77,32.4,9.11,2.5,Warning
131,437.28,255.64,6.92,26.63,6.54,5.79,Normal
2136,7.07,7.22,417.97,16.62,9.53,13.92,Severe
1483,1796.28,952.98,91.58,33.27,9.48,2.9,Warning
331,467.13,272.74,10.47,29.07,7.34,7.98,Normal
1239,36.3,8.18,45.94,23.56,8.53,4.79,Caution
467,444.38,220.57,8.43,25.45,7.52,7.87,Normal
1639,16.8,7.86,127.32,32.64,5.93,11.22,Warning
1096,37.19,21.2,32.72,31.41,6.14,9.9,Caution
1131,37.17,29.66,49.98,30.25,6.25,4.13,Caution
1295,41.67,24.18,39.45,30.31,6.39,4.87,Caution
861,590.1,328.97,44.53,23.08,8.79,9.95,Caution
